Date,Dow Jones,MSCI World,Fundsmith Equity,LindsellTrain Global Eq
01/04/2011,12376.72,1341.45,106.14,1.0209
04/04/2011,12400.03,1345.62,106,1.0231
05/04/2011,12393.9,1343.64,105.7,1.0163
06/04/2011,12426.75,1348.86,105.51,1.0119
07/04/2011,12409.49,1345.2,105.33,1.009
08/04/2011,12380.05,1351.43,105.56,1.0101
11/04/2011,12381.11,1348.65,105.25,1.0108
12/04/2011,12263.58,1333.85,105.93,1.011
13/04/2011,12270.99,1338.75,106.3,1.0131
14/04/2011,12285.15,1336.54,105.91,1.0145
15/04/2011,12341.83,1338.04,106.21,1.0162
18/04/2011,12201.59,1316.91,106.59,1.0158
19/04/2011,12266.75,1324.45,106,1.0148
20/04/2011,12453.54,1350.22,106.78,1.0186
21/04/2011,12505.99,1360.95,106.41,1.0187
22/04/2011,12505.99,1361.03,106.41,1.0187
25/04/2011,12479.88,1357.5,106.41,1.0187
26/04/2011,12595.37,1366.69,106.8,1.017
27/04/2011,12690.96,1371.38,107.43,1.018
28/04/2011,12763.31,1384.94,107.43,1.018
29/04/2011,12810.54,1388.62,107.43,1.018
02/05/2011,12807.36,1391.86,107.43,1.018
03/05/2011,12807.51,1382.99,108.87,1.0308
04/05/2011,12723.58,1371.36,108.75,1.0296
05/05/2011,12584.17,1355.45,108.57,1.031
06/05/2011,12638.74,1359.27,108.91,1.028
09/05/2011,12684.68,1353.77,109.81,1.0292
10/05/2011,12760.36,1366.36,110.74,1.0316
11/05/2011,12630.03,1357.35,110.69,1.0324
12/05/2011,12695.92,1351.14,111.25,1.0302
13/05/2011,12595.75,1343.17,112.68,1.041
16/05/2011,12548.37,1336.65,112.28,1.0351
17/05/2011,12479.58,1329.33,111.65,1.0286
18/05/2011,12560.18,1341.98,112.17,1.0353
19/05/2011,12605.32,1345.73,112.74,1.0339
20/05/2011,12512.04,1336.65,112.91,1.0351
23/05/2011,12381.26,1313.69,112.47,1.0278
24/05/2011,12356.21,1315.76,111.98,1.0215
25/05/2011,12394.66,1320.26,111.29,1.0159
26/05/2011,12402.76,1326.96,111,1.0188
27/05/2011,12441.58,1338.47,111.04,1.0219
30/05/2011,12441.58,1338.29,111.04,1.0219
31/05/2011,12569.79,1354.61,111.61,1.0238
01/06/2011,12290.14,1335.59,112.78,1.0314
02/06/2011,12248.55,1325.36,112.03,1.0281
03/06/2011,12151.26,1320.11,111.47,1.0284
06/06/2011,12089.96,1309.78,110.31,1.0284
07/06/2011,12070.81,1311.9,109.94,1.0164
08/06/2011,12048.94,1301.84,109.71,1.0129
09/06/2011,12124.36,1307.93,109.04,1.0067
10/06/2011,11951.91,1288.49,110.1,1.0154
13/06/2011,11952.97,1288.49,108.9,1.0052
14/06/2011,12076.11,1305.84,108.67,1.0038
15/06/2011,11897.27,1283.97,109.96,1.01
16/06/2011,11961.52,1273.56,108.67,0.9999
17/06/2011,12004.36,1280.58,109.1,0.9999
20/06/2011,12080.38,1281.55,109.39,1.0026
21/06/2011,12190.01,1301.77,110.06,1.0085
22/06/2011,12109.67,1299.53,110.61,1.0157
23/06/2011,12050,1281.57,110.69,1.0146
24/06/2011,11934.58,1275.45,110.49,1.0133
27/06/2011,12043.56,1281.77,110.21,1.01
28/06/2011,12188.69,1296.43,111.08,1.0145
29/06/2011,12261.42,1314,111.89,1.0183
30/06/2011,12414.34,1331.18,111.98,1.0319
01/07/2011,12582.77,1343.81,112.66,1.0394
04/07/2011,12582.77,1348.18,113.57,1.0466
05/07/2011,12569.87,1345.93,113.95,1.0538
06/07/2011,12626.02,1341.98,114.41,1.0588
07/07/2011,12719.49,1352.39,114.98,1.0619
08/07/2011,12657.2,1343.13,115.54,1.0669
11/07/2011,12505.76,1314.81,114.92,1.0591
12/07/2011,12446.88,1307.28,114.08,1.0529
13/07/2011,12491.61,1320.34,113.67,1.0496
14/07/2011,12437.12,1310.83,113.11,1.0413
15/07/2011,12479.73,1313.17,112.19,1.0373
18/07/2011,12385.16,1297.04,112.06,1.0322
19/07/2011,12587.42,1316.54,111.3,1.025
20/07/2011,12571.91,1324.12,112.48,1.0361
21/07/2011,12724.41,1343.72,111.76,1.0348
22/07/2011,12681.16,1348.69,112.13,1.0407
25/07/2011,12592.8,1340.94,112.27,1.0411
26/07/2011,12501.3,1342.4,111.45,1.0376
27/07/2011,12302.55,1318.96,111.2,1.0367
28/07/2011,12240.11,1312.62,109.98,1.0262
29/07/2011,12143.24,1306.05,109.65,1.0184
01/08/2011,12132.49,1297.23,109.46,1.0184
02/08/2011,11866.62,1269.44,108.2,1.0127
03/08/2011,11896.44,1262.71,106.48,0.9972
04/08/2011,11383.68,1208.4,107.06,0.9917
05/08/2011,11444.61,1194.05,103.75,0.9697
08/08/2011,10809.85,1132.91,103.06,0.9572
09/08/2011,11239.77,1164.91,100.55,0.9315
10/08/2011,10719.94,1130.33,104.58,0.9643
11/08/2011,11143.31,1166.54,101.06,0.9395
12/08/2011,11269.02,1180.82,103.71,0.9549
15/08/2011,11482.9,1204.8,104.9,0.9732
16/08/2011,11405.93,1196.58,104.92,0.9671
17/08/2011,11410.21,1200.34,104.81,0.9688
18/08/2011,10990.58,1147.86,103.99,0.9615
19/08/2011,10817.65,1131.69,100.77,0.9357
22/08/2011,10854.65,1131.33,101.53,0.9454
23/08/2011,11176.76,1157.75,101.67,0.9528
24/08/2011,11320.71,1168.58,102.93,0.9458
25/08/2011,11149.82,1154.64,104.69,0.9629
26/08/2011,11284.54,1163.02,103.18,0.9568
29/08/2011,11539.25,1190.92,103.18,0.9568
30/08/2011,11559.95,1196.18,106.05,0.9806
31/08/2011,11613.53,1211.22,107.25,0.9963
01/09/2011,11493.57,1203.17,107.93,1.0023
02/09/2011,11240.26,1175.26,107.88,0.9965
05/09/2011,11240.26,1153.57,105.93,0.9825
06/09/2011,11139.3,1141.91,105.58,0.9786
07/09/2011,11414.86,1173.44,106.26,0.9842
08/09/2011,11295.81,1169.62,107.5,0.9944
09/09/2011,10992.13,1134.68,106.81,0.9927
12/09/2011,11061.12,1122.68,103.96,0.9695
13/09/2011,11105.85,1134.65,104.47,0.971
14/09/2011,11246.73,1145.07,105.83,0.9789
15/09/2011,11433.18,1169.47,107.18,0.9879
16/09/2011,11509.09,1176.03,108.28,1.0011
19/09/2011,11401.01,1156.53,108.43,1.0041
20/09/2011,11408.66,1161.94,108.63,1.0027
21/09/2011,11124.84,1137.18,109.21,1.0083
22/09/2011,10733.83,1089.33,106.89,0.9968
23/09/2011,10771.48,1094.92,104.94,0.9902
26/09/2011,11043.86,1109.43,106,0.9952
27/09/2011,11190.69,1140.16,107.72,1.0057
28/09/2011,11010.9,1122.45,108.62,1.0102
29/09/2011,11153.98,1129.7,106.92,1.0002
30/09/2011,10913.38,1104.06,107.05,0.9989
03/10/2011,10655.3,1074.81,106.11,0.9929
04/10/2011,10808.71,1074.5,104.4,0.9858
05/10/2011,10939.95,1096.16,105.57,0.9969
06/10/2011,11123.33,1123.85,107.28,1.0105
07/10/2011,11103.12,1126.15,107.61,1.0122
10/10/2011,11433.18,1156.54,107.33,1.0122
11/10/2011,11416.3,1159.28,108.98,1.0219
12/10/2011,11518.85,1175.71,108.79,1.0204
13/10/2011,11478.13,1169.21,109.79,1.0303
14/10/2011,11644.49,1186.4,109.9,1.0288
17/10/2011,11397,1171.84,110.42,1.0341
18/10/2011,11577.05,1177.54,108.72,1.0227
19/10/2011,11504.62,1174.97,110.16,1.0349
20/10/2011,11541.78,1166.92,109.94,1.0258
21/10/2011,11808.79,1194.33,109.92,1.0228
24/10/2011,11913.62,1211.89,111.67,1.0351
25/10/2011,11706.62,1195.81,111.85,1.0329
26/10/2011,11869.04,1200.43,110.36,1.0207
27/10/2011,12208.55,1250.82,110.98,1.0245
28/10/2011,12231.11,1254.2,112.27,1.0341
31/10/2011,11955.01,1217.3,112.22,1.0341
01/11/2011,11657.96,1174.77,109.78,1.0064
02/11/2011,11836.04,1189.3,108.07,0.992
03/11/2011,12044.47,1206.76,108.68,0.9988
04/11/2011,11983.24,1203.07,109.76,1.014
07/11/2011,12068.39,1204.97,108.46,1.0093
08/11/2011,12170.18,1215.69,109.76,1.0167
09/11/2011,11780.94,1180.59,110.15,1.0215
10/11/2011,11893.79,1178.92,108.58,1.0103
11/11/2011,12153.68,1205.46,109.46,1.012
14/11/2011,12078.98,1194.56,110.22,1.0209
15/11/2011,12096.16,1191.2,109.6,1.0137
16/11/2011,11905.59,1178.95,111.18,1.0183
17/11/2011,11770.73,1162.67,110.33,1.011
18/11/2011,11796.16,1157.5,109.26,1.003
21/11/2011,11547.31,1130.98,109.25,1.0086
22/11/2011,11493.72,1127.25,108.74,1.005
23/11/2011,11257.55,1102.89,108.39,1.0009
24/11/2011,11257.55,1099.84,107.12,0.992
25/11/2011,11231.78,1097.81,106.81,0.9912
28/11/2011,11523.01,1132.35,107.75,0.9966
29/11/2011,11555.63,1139.7,109.12,1.0104
30/11/2011,12045.68,1184.6,109.61,1.0116
01/12/2011,12020.03,1184.46,112.41,1.0247
02/12/2011,12019.42,1187.64,112.21,1.0241
05/12/2011,12097.83,1199.33,112.11,1.0285
06/12/2011,12150.13,1193.68,112.9,1.0365
07/12/2011,12196.37,1197.31,112.85,1.0377
08/12/2011,11997.7,1174.6,112.75,1.0352
09/12/2011,12184.26,1187.29,111.58,1.0261
12/12/2011,12021.39,1168.92,112.7,1.0343
13/12/2011,11954.94,1159.39,111.5,1.0275
14/12/2011,11823.48,1139.04,111.21,1.0265
15/12/2011,11868.81,1142.85,110.67,1.0192
16/12/2011,11866.39,1146.48,111.19,1.0199
19/12/2011,11766.26,1135.3,111.42,1.0251
20/12/2011,12103.58,1163.9,110.36,1.0134
21/12/2011,12107.74,1164.16,112,1.0289
22/12/2011,12169.65,1173.46,112.41,1.0282
23/12/2011,12294,1182.24,113.03,1.0333
26/12/2011,12294,1182.85,113.03,1.0333
27/12/2011,12291.35,1183.59,113.03,1.0333
28/12/2011,12151.41,1167.96,114.17,1.0436
29/12/2011,12287.04,1177.56,114.65,1.0499
30/12/2011,12217.56,1182.59,115.13,1.0536
02/01/2012,12217.56,1186.07,115.13,1.0536
03/01/2012,12397.38,1206.09,114.84,1.0465
04/01/2012,12418.42,1203.62,115.52,1.0502
05/01/2012,12415.7,1197.03,115.48,1.0441
06/01/2012,12359.92,1191.67,115.54,1.0431
09/01/2012,12392.69,1192.48,115.71,1.0472
10/01/2012,12462.47,1207.55,116.37,1.049
11/01/2012,12449.45,1204.3,116.55,1.0515
12/01/2012,12471.02,1207.37,116.69,1.0524
13/01/2012,12422.06,1201.06,116.97,1.0561
16/01/2012,12422.06,1202.48,116.36,1.0495
17/01/2012,12482.07,1211.64,116.37,1.0522
18/01/2012,12578.95,1222.17,117.37,1.0508
19/01/2012,12623.98,1233,117.17,1.0484
20/01/2012,12720.48,1235.64,117.58,1.0555
23/01/2012,12708.82,1242.69,117.44,1.0521
24/01/2012,12675.75,1237.12,117.09,1.0538
25/01/2012,12756.96,1243.35,117.5,1.0492
26/01/2012,12734.63,1250.63,118.61,1.0504
27/01/2012,12660.46,1246.04,118.45,1.0489
30/01/2012,12653.72,1238.89,117.55,1.046
31/01/2012,12632.91,1240.89,116.96,1.0356
01/02/2012,12716.46,1257.58,117.46,1.0418
02/02/2012,12705.41,1259.91,117.62,1.0449
03/02/2012,12862.23,1273.74,118.15,1.0507
06/02/2012,12845.13,1273.46,118.62,1.05856
07/02/2012,12878.2,1278.27,118.55,1.0563
08/02/2012,12883.95,1281.23,118.54,1.0554
09/02/2012,12890.46,1284.24,118.67,1.058
10/02/2012,12801.23,1269.66,118.85,1.0558
13/02/2012,12874.04,1279.2,118.91,1.0581
14/02/2012,12878.28,1273.91,119.78,1.0645
15/02/2012,12780.95,1274.57,120.13,1.0715
16/02/2012,12904.08,1280.16,120.17,1.0698
17/02/2012,12949.87,1288.05,120.36,1.0712
20/02/2012,12949.87,1296.42,120.53,1.0711
21/02/2012,12965.69,1294.62,120.57,1.0726
22/02/2012,12938.67,1288.98,120.9,1.077
23/02/2012,12984.69,1294.34,121.24,1.0803
24/02/2012,12982.95,1300.57,120.99,1.0773
27/02/2012,12981.51,1298.08,120.51,1.0713
28/02/2012,13005.12,1303,120.99,1.0727
29/02/2012,12952.07,1298.72,120.9,1.0682
01/03/2012,12980.3,1304.48,120.68,1.0655
02/03/2012,12977.57,1298.5,120.81,1.0656
05/03/2012,12962.81,1292.05,121.01,1.067
06/03/2012,12759.15,1265.48,120.44,1.0653
07/03/2012,12837.33,1270.77,120.06,1.0633
08/03/2012,12907.94,1290.38,120.73,1.0631
09/03/2012,12922.02,1291.86,121.68,1.0726
12/03/2012,12959.71,1289.61,122.75,1.0788
13/03/2012,13177.68,1308.59,123.24,1.0816
14/03/2012,13194.1,1305.71,123.58,1.0895
15/03/2012,13252.76,1314.45,123.53,1.0908
16/03/2012,13232.62,1320.96,123.81,1.0891
19/03/2012,13239.13,1325.65,122.78,1.0891
20/03/2012,13170.19,1316.71,122.47,1.0814
21/03/2012,13124.62,1312.39,122.6,1.0808
22/03/2012,13046.14,1304.33,122.6,1.0921
23/03/2012,13080.73,1308.25,122.36,1.0886
26/03/2012,13241.63,1323.38,122.57,1.0891
27/03/2012,13197.73,1322.32,123.16,1.0968
28/03/2012,13126.21,1312.45,123.29,1.0991
29/03/2012,13145.82,1305.42,122.68,1.0961
30/03/2012,13212.04,1312.01,122.35,1.0901
02/04/2012,13264.49,1324.26,122.81,1.0914
03/04/2012,13199.55,1316.88,124,1.0997
04/04/2012,13074.75,1291.81,123.75,1.0943
05/04/2012,13060.14,1290.09,122.87,1.0878
06/04/2012,13060.14,1289.03,122.87,1.0878
09/04/2012,12929.59,1280.14,122.87,1.0878
10/04/2012,12715.93,1259.34,121.74,1.0851
11/04/2012,12805.39,1266.6,119.97,1.0729
12/04/2012,12986.58,1284.25,120.58,1.0774
13/04/2012,12849.59,1268.35,121.68,1.0813
16/04/2012,12921.41,1266.94,121.44,1.0818
17/04/2012,13115.54,1287.09,121.71,1.081
18/04/2012,13032.75,1283.87,122.5,1.0877
19/04/2012,12964.1,1277.72,122.78,1.0828
20/04/2012,13029.26,1281.71,121.86,1.084
23/04/2012,12927.17,1264.21,122.07,1.0833
24/04/2012,13001.56,1271.8,120.96,1.074
25/04/2012,13090.72,1285.52,122.02,1.0813
26/04/2012,13204.62,1293.43,122.28,1.0846
27/04/2012,13228.31,1298.71,122.42,1.082
30/04/2012,13213.63,1293.99,122,1.0848
01/05/2012,13279.32,1296.98,122.43,1.0858
02/05/2012,13268.57,1291.5,122.77,1.0881
03/05/2012,13206.59,1284.44,123.33,1.0911
04/05/2012,13038.27,1264.99,122.93,1.0938
07/05/2012,13008.53,1260.93,122.93,1.0938
08/05/2012,12932.09,1250.58,121.5,1.0784
09/05/2012,12835.06,1240.85,120.97,1.0733
10/05/2012,12855.04,1245.04,120.32,1.0747
11/05/2012,12820.6,1242.4,121.16,1.0745
14/05/2012,12695.35,1224.34,120.79,1.0721
15/05/2012,12632,1213.99,120.64,1.0713
16/05/2012,12598.55,1204.63,120.57,1.0636
17/05/2012,12442.49,1191.48,121.05,1.0642
18/05/2012,12369.38,1178.43,120.09,1.0612
21/05/2012,12504.48,1191.45,119.35,1.0558
22/05/2012,12502.81,1199.88,120.46,1.0607
23/05/2012,12496.15,1187.36,120.36,1.0558
24/05/2012,12529.75,1191.46,120.28,1.0561
25/05/2012,12454.83,1188.56,120.49,1.0597
28/05/2012,12454.83,1190.12,120.83,1.0672
29/05/2012,12580.69,1201.51,121.07,1.0679
30/05/2012,12419.86,1181.37,121.84,1.0718
31/05/2012,12393.45,1177.64,121.52,1.0718
01/06/2012,12118.57,1152.97,121.56,1.0747
04/06/2012,12101.46,1151.21,121.56,1.0747
05/06/2012,12127.95,1158.3,121.56,1.0747
06/06/2012,12414.79,1183.6,119.61,1.0625
07/06/2012,12460.96,1190.74,121.81,1.0772
08/06/2012,12554.2,1188.86,122.23,1.0772
11/06/2012,12411.23,1184.1,122.79,1.0788
12/06/2012,12573.8,1191.92,122.35,1.0708
13/06/2012,12496.38,1190.17,122.78,1.0743
14/06/2012,12651.91,1196,122.84,1.0789
15/06/2012,12767.17,1208.53,123.36,1.0854
18/06/2012,12741.82,1211.71,123.41,1.0812
19/06/2012,12837.33,1226.94,123.16,1.082
20/06/2012,12824.39,1229.5,123.74,1.0896
21/06/2012,12573.57,1206.86,123.69,1.0911
22/06/2012,12640.78,1205.67,122.87,1.089
25/06/2012,12502.66,1188.27,123.35,1.0943
26/06/2012,12534.67,1190.43,121.78,1.0847
27/06/2012,12627.01,1201.71,122.24,1.0939
28/06/2012,12602.26,1199.93,123.07,1.1029
29/06/2012,12880.09,1235.72,123.8,1.1127
02/07/2012,12871.39,1240.5,125.18,1.1137
03/07/2012,12943.82,1251.4,125.69,1.1169
04/07/2012,12943.82,1250.17,126.65,1.1251
05/07/2012,12896.67,1242.39,126.96,1.1279
06/07/2012,12772.47,1229.36,126.97,1.1241
09/07/2012,12736.29,1224.14,126.42,1.1206
10/07/2012,12653.12,1218.81,126.64,1.1198
11/07/2012,12604.53,1218.81,125.9,1.1168
12/07/2012,12573.27,1207.47,125.47,1.1135
13/07/2012,12777.09,1225.55,125.58,1.12
16/07/2012,12727.21,1225.35,126.1,1.1213
17/07/2012,12805.54,1229.12,125.62,1.1135
18/07/2012,12908.7,1239.07,126.52,1.1191
19/07/2012,12943.36,1247.82,127.25,1.125
20/07/2012,12822.57,1231.35,127.2,1.1258
23/07/2012,12721.46,1212.05,126.45,1.1212
24/07/2012,12617.32,1202.88,125.62,1.1149
25/07/2012,12676.05,1201.74,124.88,1.1116
26/07/2012,12887.93,1227.82,125.54,1.1157
27/07/2012,13075.66,1250.02,126.23,1.1143
30/07/2012,13073.01,1253.9,127.98,1.1234
31/07/2012,13008.68,1250.57,128.23,1.1283
01/08/2012,12971.06,1248.1,128.47,1.1304
02/08/2012,12878.88,1234.97,128.79,1.1349
03/08/2012,13096.17,1259.65,127.88,1.1292
06/08/2012,13117.51,1267.85,129.77,1.1292
07/08/2012,13168.6,1276.4,129.74,1.142
08/08/2012,13175.64,1276.09,129.45,1.1404
09/08/2012,13165.19,1277.79,129.99,1.143
10/08/2012,13207.95,1278.36,129.62,1.1386
13/08/2012,13169.43,1276.26,129.35,1.1368
14/08/2012,13172.14,1277.51,129.33,1.1401
15/08/2012,13164.78,1276.82,129.26,1.1379
16/08/2012,13250.11,1287.62,129.13,1.1389
17/08/2012,13275.2,1290.23,129.61,1.141
20/08/2012,13271.64,1289.75,129.75,1.1436
21/08/2012,13203.58,1293.43,129.52,1.1413
22/08/2012,13172.76,1287.84,128.6,1.1362
23/08/2012,13057.46,1285.28,128.04,1.1434
24/08/2012,13157.97,1285.84,127.64,1.1302
27/08/2012,13124.67,1286.55,127.64,1.1302
28/08/2012,13102.99,1284.25,128.66,1.1384
29/08/2012,13107.48,1283.23,128.22,1.1349
30/08/2012,13000.71,1272.02,128.21,1.1369
31/08/2012,13090.84,1279.21,128.01,1.1318
03/09/2012,13090.84,1280.76,128.06,1.1292
04/09/2012,13035.94,1274.65,128.09,1.1286
05/09/2012,13047.48,1273.21,128.02,1.1255
06/09/2012,13292,1297.6,127.77,1.1241
07/09/2012,13306.64,1312.08,128.68,1.1338
10/09/2012,13254.29,1306.31,128.05,1.1249
11/09/2012,13323.36,1311.71,127.48,1.1221
12/09/2012,13333.35,1316.7,127.24,1.1248
13/09/2012,13539.86,1329.48,126.76,1.1253
14/09/2012,13593.37,1347.61,127.65,1.1292
17/09/2012,13553.1,1342.31,127.75,1.1283
18/09/2012,13564.64,1337.16,127.97,1.1304
19/09/2012,13577.96,1341.5,128.47,1.1387
20/09/2012,13596.93,1334.48,128.65,1.1398
21/09/2012,13579.47,1338.05,128.43,1.1435
24/09/2012,13558.92,1331.81,128.23,1.1388
25/09/2012,13457.55,1327.25,128.57,1.1442
26/09/2012,13413.51,1309.4,128.18,1.1394
27/09/2012,13485.97,1320.17,127.75,1.138
28/09/2012,13437.13,1311.5,128.33,1.1364
01/10/2012,13515.11,1318.81,128.7,1.1368
02/10/2012,13482.36,1319.52,128.92,1.1428
03/10/2012,13494.61,1318.91,128.84,1.1474
04/10/2012,13575.36,1329,129.56,1.1568
05/10/2012,13610.15,1334.63,129.56,1.1532
08/10/2012,13583.65,1326.37,130.37,1.1607
09/10/2012,13473.53,1313.46,130.51,1.1553
10/10/2012,13344.97,1305.14,129.2,1.1403
11/10/2012,13326.39,1308.83,128.52,1.1374
12/10/2012,13328.85,1306.02,128.51,1.1376
15/10/2012,13424.23,1312.78,128.92,1.1394
16/10/2012,13551.78,1329.43,129.14,1.1427
17/10/2012,13557,1339.65,130.01,1.1451
18/10/2012,13548.94,1339.55,130.17,1.1448
19/10/2012,13343.51,1322.28,130.8,1.1518
22/10/2012,13345.89,1320.86,129.77,1.1458
23/10/2012,13102.53,1299.99,129.14,1.1434
24/10/2012,13077.34,1298.76,127.8,1.1332
25/10/2012,13103.68,1302.77,127.08,1.1314
26/10/2012,13107.21,1300.23,127.09,1.1245
29/10/2012,13107.21,1296.96,127.56,1.1245
30/10/2012,13107.21,1302.18,128.02,1.1276
31/10/2012,13096.46,1301.52,127.74,1.1305
01/11/2012,13232.62,1313.19,127.48,1.1296
02/11/2012,13093.16,1305.77,129.09,1.141
05/11/2012,13112.44,1303.37,128.94,1.1377
06/11/2012,13245.68,1311.42,129.37,1.1442
07/11/2012,12932.73,1289.11,130.32,1.1506
08/11/2012,12811.32,1276.72,128.93,1.1424
09/11/2012,12815.39,1276.02,128.1,1.1411
12/11/2012,12815.08,1274.32,128.74,1.1398
13/11/2012,12756.18,1271.85,128.72,1.1384
14/11/2012,12570.95,1257.12,128.59,1.1419
15/11/2012,12542.38,1253.86,127.53,1.1288
16/11/2012,12588.31,1253.31,127.57,1.1325
19/11/2012,12795.96,1280.86,127.74,1.1376
20/11/2012,12788.51,1281.29,129.28,1.1396
21/11/2012,12836.89,1284.32,129.73,1.1361
22/11/2012,12836.89,1290.5,130.27,1.1408
23/11/2012,13009.68,1304.85,130.78,1.1454
26/11/2012,12967.37,1302.63,131.27,1.1494
27/11/2012,12878.13,1299.36,131.16,1.1512
28/11/2012,12985.11,1303.85,130.89,1.151
29/11/2012,13021.82,1314.67,131.62,1.1586
30/11/2012,13025.58,1315.49,131.46,1.1582
03/12/2012,12965.6,1314.3,131.56,1.1627
04/12/2012,12951.78,1314.02,131.12,1.1647
05/12/2012,13034.49,1315.4,130.94,1.166
06/12/2012,13074.04,1319.13,131.15,1.1708
07/12/2012,13155.13,1320.74,131.81,1.1703
10/12/2012,13169.88,1321.96,131.78,1.169
11/12/2012,13248.44,1329.94,132.13,1.1636
12/12/2012,13245.45,1332.27,132.24,1.1667
13/12/2012,13170.72,1327.62,131.91,1.1621
14/12/2012,13135.01,1325.49,131.74,1.1628
17/12/2012,13235.39,1335.2,130.79,1.1575
18/12/2012,13350.96,1347.92,131.4,1.1611
19/12/2012,13251.97,1348.9,131.5,1.1687
20/12/2012,13311.72,1351.85,131.11,1.1684
21/12/2012,13190.84,1341.06,131.69,1.1653
24/12/2012,13139.08,1338.34,131.58,1.1646
25/12/2012,13139.08,1339.04,131.58,1.1646
26/12/2012,13114.59,1335.98,131.58,1.1646
27/12/2012,13096.31,1336.3,130.75,1.1581
28/12/2012,12938.11,1326.84,130.95,1.1628
31/12/2012,13104.14,1338.5,129.67,1.1554
01/01/2013,13104.14,1338.55,129.67,1.1554
02/01/2013,13412.55,1367.38,130.43,1.1468
03/01/2013,13391.36,1364.39,133,1.1649
04/01/2013,13435.21,1370.11,133.65,1.1637
07/01/2013,13384.29,1366.91,133.93,1.1671
08/01/2013,13328.85,1362.25,133.81,1.1662
09/01/2013,13390.51,1367.15,134.28,1.1667
10/01/2013,13471.22,1378.48,134.53,1.1658
11/01/2013,13488.43,1381.94,134.82,1.1788
14/01/2013,13507.32,1380.21,135.2,1.178
15/01/2013,13534.89,1382.74,135.62,1.1892
16/01/2013,13511.23,1378.92,136.01,1.189
17/01/2013,13596.02,1386.16,136.28,1.1983
18/01/2013,13649.7,1388.11,137.77,1.2227
21/01/2013,13649.7,1389.58,138.62,1.2217
22/01/2013,13712.21,1393.62,138.79,1.2215
23/01/2013,13779.33,1393.04,139.14,1.2227
24/01/2013,13825.33,1396.14,139.28,1.2215
25/01/2013,13895.98,1405.47,140.79,1.2289
28/01/2013,13881.93,1403.04,142.19,1.2372
29/01/2013,13954.42,1410.68,142.06,1.2418
30/01/2013,13910.42,1409.47,142.63,1.2418
31/01/2013,13860.58,1405.47,141.85,1.2409
01/02/2013,14009.79,1416.79,141.69,1.2435
04/02/2013,13880.08,1399.68,143.28,1.2435
05/02/2013,13979.3,1405.15,142.38,1.2342
06/02/2013,13986.52,1408.35,143.99,1.2619
07/02/2013,13944.05,1401.92,143.41,1.2576
08/02/2013,13992.97,1410.44,142.59,1.2513
11/02/2013,13971.24,1405.7,143.4,1.2506
12/02/2013,14018.7,1413.83,143.97,1.2582
13/02/2013,13982.91,1413.81,144.93,1.2704
14/02/2013,13973.39,1411.59,144.7,1.2745
15/02/2013,13981.76,1406.92,145.03,1.2687
18/02/2013,13981.76,1408.46,145.57,1.2779
19/02/2013,14035.67,1419.81,145.63,1.2834
20/02/2013,13927.54,1410.01,147.79,1.3114
21/02/2013,13880.62,1392.11,146.32,1.2995
22/02/2013,14000.57,1402.05,146.32,1.3043
25/02/2013,13784.17,1391.22,148.2,1.3152
26/02/2013,13900.13,1386.06,146.43,1.3157
27/02/2013,14075.37,1399.43,147.18,1.3232
28/02/2013,14054.49,1405.18,148.17,1.3289
01/03/2013,14089.66,1401.75,149.99,1.342
04/03/2013,14127.82,1404.94,150.37,1.3477
05/03/2013,14253.77,1420.25,150.36,1.3511
06/03/2013,14296.24,1422.26,151.71,1.3629
07/03/2013,14329.49,1424.88,151.98,1.3679
08/03/2013,14397.07,1428.72,152.13,1.3692
11/03/2013,14447.29,1434.83,153.59,1.3915
12/03/2013,14450.06,1433.28,153.97,1.3897
13/03/2013,14455.28,1429.84,153.08,1.3802
14/03/2013,14539.14,1440.21,153.19,1.3784
15/03/2013,14514.11,1444.48,152.41,1.3764
18/03/2013,14452.06,1430.97,152.29,1.3764
19/03/2013,14455.82,1426.75,152.05,1.3756
20/03/2013,14511.73,1434.35,152.33,1.3778
21/03/2013,14421.49,1426.66,152.08,1.3835
22/03/2013,14512.03,1432.33,151.12,1.3788
25/03/2013,14447.75,1426.71,152.33,1.3895
26/03/2013,14559.65,1432.64,152.09,1.3973
27/03/2013,14526.16,1428.95,152.83,1.4108
28/03/2013,14578.54,1434.62,153.73,1.4136
29/03/2013,14578.54,1434.51,153.73,1.4136
01/04/2013,14572.85,1428.04,153.73,1.4136
02/04/2013,14662.01,1435.41,154.15,1.4058
03/04/2013,14550.35,1425.59,155.74,1.4205
04/04/2013,14606.11,1422.22,154.69,1.4042
05/04/2013,14565.25,1419.11,153.08,1.3948
08/04/2013,14613.48,1426.45,152.25,1.403
09/04/2013,14673.46,1433.01,152.56,1.4017
10/04/2013,14802.24,1452.41,153.04,1.4185
11/04/2013,14865.14,1462.82,154.63,1.4459
12/04/2013,14865.06,1456.54,154.4,1.4413
15/04/2013,14599.2,1431.09,154.32,1.441
16/04/2013,14756.78,1438.81,152.45,1.4298
17/04/2013,14618.59,1420.7,153.65,1.4478
18/04/2013,14537.14,1413.72,152.58,1.4315
19/04/2013,14547.51,1422.25,151.72,1.4223
22/04/2013,14567.17,1427.08,153.94,1.4417
23/04/2013,14719.46,1443.86,154.79,1.4466
24/04/2013,14676.3,1450.79,155.75,1.4461
25/04/2013,14700.8,1459.26,154.47,1.4294
26/04/2013,14712.55,1457.8,154.14,1.4096
29/04/2013,14818.75,1468.44,154.19,1.4124
30/04/2013,14839.8,1476.14,155.12,1.4229
01/05/2013,14700.95,1466.53,155.2,1.4135
02/05/2013,14831.58,1469.72,154.83,1.4113
03/05/2013,14973.96,1482.46,155.77,1.4109
06/05/2013,14968.89,1481.85,155.77,1.4109
07/05/2013,15056.2,1492.06,156.74,1.4221
08/05/2013,15105.12,1503.66,157.21,1.4285
09/05/2013,15082.62,1495.74,156.7,1.4219
10/05/2013,15118.49,1495.84,158.5,1.4282
13/05/2013,15091.68,1497.4,159.51,1.4338
14/05/2013,15215.25,1505.97,160.56,1.4389
15/05/2013,15275.69,1510.87,162.73,1.4587
16/05/2013,15233.22,1508.02,163.37,1.4587
17/05/2013,15354.4,1512.98,161.74,1.45
20/05/2013,15335.28,1518.41,162.99,1.461
21/05/2013,15387.58,1520.64,163.06,1.4554
22/05/2013,15307.17,1512.9,163.74,1.4577
23/05/2013,15294.5,1493.44,162.76,1.4312
24/05/2013,15303.1,1492.74,162.35,1.4307
27/05/2013,15303.1,1489.58,162.35,1.4307
28/05/2013,15409.39,1497.13,163.45,1.4245
29/05/2013,15302.8,1489.44,163.82,1.437
30/05/2013,15324.53,1491.79,161.37,1.4101
31/05/2013,15115.57,1471.93,160.59,1.4001
03/06/2013,15254.03,1472.74,158.83,1.4001
04/06/2013,15177.54,1473.48,159.82,1.3925
05/06/2013,14960.59,1450.95,157.99,1.3668
06/06/2013,15040.62,1454.91,155.79,1.3519
07/06/2013,15248.12,1470.22,155,1.3526
10/06/2013,15238.59,1473.13,157.1,1.3778
11/06/2013,15122.02,1463.42,156.57,1.3656
12/06/2013,14995.23,1457.57,155.85,1.3632
13/06/2013,15176.08,1464.26,154.59,1.3366
14/06/2013,15070.18,1463.83,156.08,1.3538
17/06/2013,15179.85,1476.97,156.19,1.375
18/06/2013,15318.23,1483.04,157.81,1.3823
19/06/2013,15112.19,1474.88,158.27,1.3885
20/06/2013,14758.32,1423.87,156.77,1.3614
21/06/2013,14799.4,1421.19,153.77,1.3583
24/06/2013,14659.56,1400.98,153.78,1.3528
25/06/2013,14760.31,1412.53,152.86,1.3485
26/06/2013,14910.14,1425.51,154.44,1.3568
27/06/2013,15024.49,1436.03,156.1,1.3671
28/06/2013,14909.6,1433.55,157.7,1.3996
01/07/2013,14974.96,1444.33,157.2,1.3976
02/07/2013,14932.41,1444.86,158.52,1.4173
03/07/2013,14988.55,1440.59,157.09,1.4145
04/07/2013,14988.55,1448.22,158.01,1.426
05/07/2013,15135.84,1449.05,160.89,1.452
08/07/2013,15224.69,1457.52,162.21,1.4482
09/07/2013,15300.34,1468.47,163.88,1.4686
10/07/2013,15291.66,1473.31,163.46,1.4715
11/07/2013,15460.92,1496.67,163.07,1.469
12/07/2013,15464.3,1498.31,164.59,1.4808
15/07/2013,15484.26,1500.94,165.13,1.4835
16/07/2013,15451.85,1500.53,164.68,1.4903
17/07/2013,15470.52,1503.38,162.94,1.4805
18/07/2013,15548.54,1511.13,163.22,1.4864
19/07/2013,15543.74,1513.52,163.48,1.479
22/07/2013,15545.55,1520.62,161.98,1.4762
23/07/2013,15567.74,1519.77,161.96,1.473
24/07/2013,15542.24,1518.38,160.7,1.4685
25/07/2013,15555.61,1517.72,160.25,1.4528
26/07/2013,15558.83,1516.21,159.56,1.4483
29/07/2013,15521.97,1508.86,159.83,1.4401
30/07/2013,15520.59,1510.32,160.42,1.4523
31/07/2013,15499.54,1507.91,161.59,1.4582
01/08/2013,15628.02,1524.91,161.9,1.4728
02/08/2013,15658.36,1533.85,163.19,1.4872
05/08/2013,15612.13,1530.46,161.69,1.4872
06/08/2013,15518.74,1528.06,161.89,1.4847
07/08/2013,15470.67,1519.33,160.43,1.465
08/08/2013,15498.32,1527.82,159.67,1.4526
09/08/2013,15425.51,1526.9,159.71,1.456
12/08/2013,15419.68,1524.06,159.66,1.4455
13/08/2013,15451.01,1527.19,159.91,1.4478
14/08/2013,15337.66,1527.04,159.71,1.4505
15/08/2013,15112.19,1508.14,158.27,1.4314
16/08/2013,15081.47,1508.8,155.95,1.4192
19/08/2013,15010.74,1501.39,155.62,1.419
20/08/2013,15002.99,1500.59,155.25,1.4048
21/08/2013,14897.55,1489.65,155.31,1.4059
22/08/2013,14963.74,1497.8,155.63,1.3998
23/08/2013,15010.51,1508.49,156.01,1.4049
26/08/2013,14946.46,1504.41,156.01,1.4049
27/08/2013,14776.13,1484.4,156.67,1.4101
28/08/2013,14824.51,1480.03,155.23,1.3926
29/08/2013,14840.95,1481.11,154.38,1.3808
30/08/2013,14810.31,1472.74,154.95,1.3766
02/09/2013,14810.31,1481.18,154.55,1.3764
03/09/2013,14833.96,1486.06,154.63,1.3861
04/09/2013,14930.87,1496.29,153.56,1.3898
05/09/2013,14937.48,1497.58,154.37,1.3898
06/09/2013,14922.5,1502.4,154.77,1.3893
09/09/2013,15063.12,1515.91,154.25,1.3841
10/09/2013,15191.06,1529.14,155.84,1.3975
11/09/2013,15326.6,1535.73,155.99,1.398
12/09/2013,15300.64,1532.93,156.49,1.3958
13/09/2013,15376.06,1533.72,156.76,1.3975
16/09/2013,15494.78,1546.52,157.06,1.4002
17/09/2013,15529.73,1547.24,157.63,1.4042
18/09/2013,15676.94,1561.53,157.26,1.4086
19/09/2013,15636.55,1573.13,158.55,1.4219
20/09/2013,15451.09,1563.26,159.03,1.4265
23/09/2013,15401.38,1557.87,157.97,1.4221
24/09/2013,15334.59,1555.57,157.76,1.4221
25/09/2013,15273.26,1553.75,156.28,1.4095
26/09/2013,15328.3,1556.74,155.65,1.4193
27/09/2013,15258.24,1554.99,155.65,1.4146
30/09/2013,15129.67,1543.67,154.61,1.4045
01/10/2013,15191.7,1553.51,153.29,1.3939
02/10/2013,15133.14,1551.02,153.45,1.3841
03/10/2013,14996.48,1542.79,153.69,1.3833
04/10/2013,15072.58,1547.5,153.98,1.3872
07/10/2013,14936.24,1536.4,153.65,1.3817
08/10/2013,14776.53,1523.13,153.02,1.381
09/10/2013,14802.98,1519.78,152.85,1.3802
10/10/2013,15126.07,1545.94,153.18,1.3897
11/10/2013,15237.11,1557.35,154.6,1.4059
14/10/2013,15301.26,1562.77,155.57,1.4114
15/10/2013,15168.01,1558.19,156.79,1.4298
16/10/2013,15373.83,1570.34,154,1.4173
17/10/2013,15371.65,1586.64,156.21,1.4336
18/10/2013,15399.65,1598.14,156.83,1.4318
21/10/2013,15392.2,1599.73,157.98,1.4394
22/10/2013,15467.66,1610.79,158.73,1.4425
23/10/2013,15413.33,1601.64,159.49,1.4433
24/10/2013,15509.21,1607.92,159.55,1.4432
25/10/2013,15570.28,1607.96,159.82,1.44
28/10/2013,15568.93,1610.22,160.87,1.44
29/10/2013,15680.35,1614.33,162.24,1.4558
30/10/2013,15618.76,1611.86,162.69,1.456
31/10/2013,15545.75,1602.86,161.69,1.4474
01/11/2013,15615.55,1597.86,161.38,1.4465
04/11/2013,15639.12,1603.81,161.74,1.4475
05/11/2013,15618.22,1599.43,161.24,1.442
06/11/2013,15746.88,1607.72,161.56,1.4467
07/11/2013,15593.98,1588.47,162.75,1.4485
08/11/2013,15761.78,1596.28,161.16,1.4367
11/11/2013,15783.1,1600.84,163.03,1.4544
12/11/2013,15750.67,1598.55,164,1.4653
13/11/2013,15821.63,1601.56,162.88,1.4635
14/11/2013,15876.22,1612.86,163.58,1.4694
15/11/2013,15961.7,1621.5,163.88,1.4838
18/11/2013,15976.02,1622.82,164.37,1.4881
19/11/2013,15967.03,1616.44,163.66,1.4904
20/11/2013,15900.82,1611.34,163.23,1.4848
21/11/2013,16009.99,1616.34,162.77,1.4818
22/11/2013,16064.77,1623.15,162.87,1.4777
25/11/2013,16072.54,1623.7,163.69,1.4817
26/11/2013,16072.8,1621.91,163.74,1.4755
27/11/2013,16097.33,1624.82,162.25,1.4632
28/11/2013,16097.33,1628.88,162.08,1.4632
29/11/2013,16086.41,1628.42,162.26,1.4622
02/12/2013,16008.77,1621.34,161.3,1.4554
03/12/2013,15914.62,1613.31,160.04,1.4482
04/12/2013,15889.77,1604.74,160.39,1.4477
05/12/2013,15821.51,1598.88,160.5,1.444
06/12/2013,16020.2,1612.61,159.93,1.4434
09/12/2013,16025.53,1617.6,161.16,1.4572
10/12/2013,15973.13,1614.23,160.87,1.4533
11/12/2013,15843.53,1600.12,160.45,1.4579
12/12/2013,15739.43,1588.71,158.62,1.4338
13/12/2013,15755.36,1587.69,158.54,1.436
16/12/2013,15884.57,1598.21,158.12,1.4295
17/12/2013,15875.26,1592.79,158.89,1.4379
18/12/2013,16167.97,1613.75,158.12,1.4374
19/12/2013,16179.08,1618.38,160.44,1.4488
20/12/2013,16221.14,1626.66,160.63,1.4529
23/12/2013,16294.61,1637.28,161.49,1.4596
24/12/2013,16357.55,1639.65,162.09,1.4673
25/12/2013,16357.55,1639.73,162.09,1.4673
26/12/2013,16479.88,1646.28,162.09,1.4673
27/12/2013,16478.41,1654.16,162.51,1.4673
30/12/2013,16504.29,1656.15,162.88,1.4797
31/12/2013,16576.66,1661.07,162.66,1.4835
01/01/2014,16576.66,1661.09,162.66,1.4835
02/01/2014,16441.35,1645.22,162.08,1.4724
03/01/2014,16469.99,1646.05,161.27,1.4724
06/01/2014,16425.1,1641.16,162.14,1.4707
07/01/2014,16530.94,1647.65,161.24,1.4631
08/01/2014,16462.74,1650.17,161.07,1.4734
09/01/2014,16444.76,1646.37,160.1,1.4629
10/01/2014,16437.05,1655.11,160.78,1.4738
13/01/2014,16257.94,1645.41,160.98,1.4819
14/01/2014,16373.86,1651.73,160.53,1.4679
15/01/2014,16481.94,1660,161.37,1.4791
16/01/2014,16417.01,1659.34,162.99,1.4847
17/01/2014,16458.56,1657.32,162.3,1.4773
20/01/2014,16458.56,1657.11,161.92,1.4749
21/01/2014,16414.44,1659.49,162.9,1.4809
22/01/2014,16373.34,1661.74,162.59,1.4807
23/01/2014,16197.35,1650.45,162.9,1.4709
24/01/2014,15879.11,1618.36,161.4,1.4628
27/01/2014,15837.88,1604.92,159.21,1.4384
28/01/2014,15928.56,1611.35,158.33,1.4287
29/01/2014,15738.79,1603.67,158.46,1.4498
30/01/2014,15848.61,1607.46,156.74,1.4247
31/01/2014,15698.85,1598.46,157.05,1.4255
03/02/2014,15372.8,1571.92,158.83,1.4378
04/02/2014,15445.24,1569.93,155.94,1.4069
05/02/2014,15440.23,1572.37,156.72,1.4093
06/02/2014,15628.53,1592.69,157.14,1.4098
07/02/2014,15794.08,1611.78,158.24,1.4306
10/02/2014,15801.79,1616.78,159.79,1.4431
11/02/2014,15994.77,1634.47,160.17,1.4449
12/02/2014,15963.94,1637.71,160.43,1.4513
13/02/2014,16027.59,1643.19,159.87,1.4363
14/02/2014,16154.39,1650.12,160.22,1.4313
17/02/2014,16154.39,1653.55,161.13,1.4447
18/02/2014,16130.4,1660.54,161.19,1.4573
19/02/2014,16040.56,1655.04,161.54,1.4661
20/02/2014,16133.23,1656.01,160.99,1.461
21/02/2014,16103.3,1659.85,161.66,1.4765
24/02/2014,16207.14,1668.31,161.86,1.4826
25/02/2014,16179.66,1669.41,162.37,1.4852
26/02/2014,16198.41,1664.85,162.47,1.4832
27/02/2014,16272.65,1668.4,162.16,1.4784
28/02/2014,16321.71,1675.4,162.83,1.4773
03/03/2014,16168.03,1655.42,162.16,1.4655
04/03/2014,16395.88,1677.85,162.44,1.4781
05/03/2014,16360.18,1679.06,163.47,1.4858
06/03/2014,16421.89,1686.11,163.02,1.4913
07/03/2014,16452.72,1681.17,163,1.5048
10/03/2014,16418.68,1676.53,163.92,1.5098
11/03/2014,16351.25,1672.19,164.05,1.4966
12/03/2014,16340.08,1665.55,163.91,1.4833
13/03/2014,16108.89,1651.68,162.97,1.478
14/03/2014,16065.67,1641.13,162.32,1.4664
17/03/2014,16247.22,1653.94,162.39,1.4664
18/03/2014,16336.19,1665.49,163.31,1.4759
19/03/2014,16222.17,1658.05,163.95,1.4795
20/03/2014,16331.05,1654.32,163.03,1.4712
21/03/2014,16302.77,1653.38,164.4,1.4815
24/03/2014,16276.69,1645.97,164.06,1.4914
25/03/2014,16367.88,1655.69,164.02,1.4907
26/03/2014,16268.99,1654.34,164.6,1.4974
27/03/2014,16264.23,1653.12,163.54,1.4846
28/03/2014,16323.06,1661.84,164.02,1.4922
31/03/2014,16457.66,1673.87,164.87,1.5002
01/04/2014,16532.61,1683.7,165.91,1.4986
02/04/2014,16573,1687.46,166.38,1.5046
03/04/2014,16572.55,1685.14,166.63,1.5034
04/04/2014,16412.71,1676.25,166.45,1.5048
07/04/2014,16245.87,1659.29,165.19,1.4973
08/04/2014,16256.14,1663.77,163.15,1.4655
09/04/2014,16437.18,1675.32,163.7,1.4704
10/04/2014,16170.22,1656.09,164.5,1.471
11/04/2014,16026.75,1638.43,162.58,1.4539
14/04/2014,16173.24,1644.36,162.47,1.4524
15/04/2014,16262.56,1646.67,163.16,1.4509
16/04/2014,16424.85,1664.85,163.25,1.4528
17/04/2014,16408.54,1669.81,163.55,1.4566
18/04/2014,16408.54,1670.6,163.55,1.4566
21/04/2014,16449.25,1672.4,163.55,1.4566
22/04/2014,16514.37,1681.98,164.51,1.4622
23/04/2014,16501.65,1679.25,164.86,1.465
24/04/2014,16501.65,1681.16,164.69,1.4594
25/04/2014,16361.46,1670.76,164.44,1.4562
28/04/2014,16448.74,1672.65,163.52,1.4452
29/04/2014,16535.37,1682.38,165.1,1.4502
30/04/2014,16580.84,1687.74,164.74,1.4536
01/05/2014,16558.87,1690.39,164.89,1.4535
02/05/2014,16512.89,1688.99,165.31,1.4569
05/05/2014,16530.55,1689.77,165.31,1.4569
06/05/2014,16401.02,1683.52,165.07,1.4542
07/05/2014,16518.54,1684.04,164.75,1.44
08/05/2014,16550.97,1686.79,166.03,1.4476
09/05/2014,16583.34,1683.36,166.81,1.4568
12/05/2014,16695.47,1694.88,167.28,1.4588
13/05/2014,16715.44,1697.99,168.51,1.4728
14/05/2014,16613.97,1694.8,169.24,1.4822
15/05/2014,16446.81,1682.34,169.08,1.4892
16/05/2014,16491.31,1683.69,168.17,1.4846
19/05/2014,16511.86,1685.88,168.87,1.4741
20/05/2014,16374.31,1678.01,168.62,1.4738
21/05/2014,16533.06,1686.51,167.42,1.4624
22/05/2014,16543.08,1692.36,168.57,1.4749
23/05/2014,16606.27,1697.94,168.37,1.473
26/05/2014,16606.27,1703.18,168.37,1.473
27/05/2014,16675.5,1707.67,169,1.4898
28/05/2014,16633.18,1706.15,169.72,1.4972
29/05/2014,16698.74,1713.25,170.42,1.5062
30/05/2014,16717.17,1715.18,171.36,1.5042
02/06/2014,16743.63,1717.27,171.58,1.5042
03/06/2014,16722.34,1715.82,171.35,1.5074
04/06/2014,16737.53,1717.76,171.2,1.5085
05/06/2014,16836.11,1725.6,171.2,1.5042
06/06/2014,16924.28,1734.47,170.76,1.499
09/06/2014,16943.1,1735.98,171.29,1.5004
10/06/2014,16945.92,1735.32,171.58,1.5028
11/06/2014,16843.88,1731.2,171.28,1.5017
12/06/2014,16734.19,1725.49,170.92,1.5017
13/06/2014,16775.74,1727.21,168.96,1.4892
16/06/2014,16781.01,1726.99,168.72,1.4867
17/06/2014,16808.49,1728.74,169.42,1.4927
18/06/2014,16906.62,1737.77,169.51,1.4969
19/06/2014,16921.46,1748.41,170.18,1.5065
20/06/2014,16947.08,1747.43,170.68,1.5044
23/06/2014,16937.26,1746.29,170.93,1.5003
24/06/2014,16818.13,1737.82,170.74,1.5036
25/06/2014,16867.51,1738.16,170.04,1.4974
26/06/2014,16846.13,1737.27,169.76,1.4977
27/06/2014,16851.84,1740.86,169.45,1.4937
30/06/2014,16826.6,1743.42,169.42,1.5007
01/07/2014,16956.07,1754.76,168.55,1.4949
02/07/2014,16976.24,1756.96,169.56,1.5056
03/07/2014,17068.26,1764.12,170.1,1.5054
04/07/2014,17068.26,1763.44,171.02,1.5086
07/07/2014,17024.21,1754.8,170.76,1.5052
08/07/2014,16906.62,1741.64,170.42,1.4974
09/07/2014,16985.61,1746.07,169.73,1.4908
10/07/2014,16915.07,1734.5,169.56,1.4811
11/07/2014,16943.81,1736.02,169.29,1.4756
14/07/2014,17055.42,1747.06,170.47,1.4929
15/07/2014,17060.68,1741.46,170.16,1.4922
16/07/2014,17138.2,1751.51,169.68,1.496
17/07/2014,16976.81,1735.11,170.42,1.4946
18/07/2014,17100.18,1744.31,170.03,1.4916
21/07/2014,17051.73,1740.13,170.9,1.4965
22/07/2014,17113.54,1750.78,170.99,1.5017
23/07/2014,17086.63,1754.12,171.56,1.5095
24/07/2014,17083.8,1756.28,172.01,1.5057
25/07/2014,16960.57,1748.25,172.27,1.5138
28/07/2014,16982.59,1748.26,171.99,1.5112
29/07/2014,16912.11,1744.22,172.13,1.5144
30/07/2014,16880.36,1740.22,171.56,1.5152
31/07/2014,16563.3,1714.35,170.82,1.4986
01/08/2014,16493.37,1705.76,168.59,1.4775
04/08/2014,16569.28,1710.16,168.71,1.4775
05/08/2014,16429.47,1698.24,168.89,1.4838
06/08/2014,16443.34,1693.15,168.07,1.4758
07/08/2014,16368.27,1684.73,168.8,1.479
08/08/2014,16553.93,1690.59,167.84,1.468
11/08/2014,16569.98,1701.63,169.56,1.4885
12/08/2014,16560.54,1699.37,170.07,1.4959
13/08/2014,16651.8,1708.76,171.21,1.5035
14/08/2014,16713.58,1715.73,172.41,1.5127
15/08/2014,16662.91,1714.26,173.11,1.5221
18/08/2014,16838.74,1727.4,172.55,1.5274
19/08/2014,16919.59,1734.89,174.25,1.5376
20/08/2014,16979.13,1735.81,174.6,1.5426
21/08/2014,17039.49,1741.91,174.96,1.5493
22/08/2014,17001.22,1735.96,175.58,1.5546
25/08/2014,17076.87,1745.26,175.58,1.5546
26/08/2014,17106.7,1749.17,175.63,1.5522
27/08/2014,17122.01,1750.7,175.62,1.5501
28/08/2014,17079.57,1744.37,175.43,1.5504
29/08/2014,17098.45,1748.69,175.75,1.5475
01/09/2014,17098.45,1748.33,176.07,1.5457
02/09/2014,17067.56,1747.22,176.98,1.5538
03/09/2014,17078.28,1752,178.19,1.5622
04/09/2014,17069.58,1748.62,178.57,1.5625
05/09/2014,17137.36,1750.63,178.64,1.5631
08/09/2014,17111.42,1744.28,180.44,1.5746
09/09/2014,17013.87,1733.21,180.51,1.5734
10/09/2014,17068.71,1735.79,180.09,1.5744
11/09/2014,17049,1736.99,179.28,1.564
12/09/2014,16987.51,1729.5,179.84,1.5686
15/09/2014,17031.14,1726.86,179.28,1.5748
16/09/2014,17131.97,1732.55,179.66,1.5811
17/09/2014,17156.85,1735.35,179.46,1.5699
18/09/2014,17265.99,1742.74,178.85,1.5614
19/09/2014,17279.74,1740.32,179.24,1.564
22/09/2014,17172.68,1726.47,179.6,1.5636
23/09/2014,17055.87,1716.23,178.12,1.551
24/09/2014,17210.06,1723.67,176.82,1.5431
25/09/2014,16945.8,1703.09,178.79,1.5603
26/09/2014,17113.15,1707.87,176.99,1.5444
29/09/2014,17071.22,1702.18,177.8,1.5499
30/09/2014,17042.9,1698.41,178.43,1.5525
01/10/2014,16804.71,1679.18,178.51,1.5549
02/10/2014,16801.05,1667.98,177.27,1.5434
03/10/2014,17009.69,1675.29,177.46,1.5385
06/10/2014,16991.91,1679.82,179.81,1.5563
07/10/2014,16719.39,1661.36,179.3,1.5427
08/10/2014,16994.22,1673.48,177.7,1.53
09/10/2014,16659.25,1652.93,179.62,1.5349
10/10/2014,16544.1,1626.68,177.78,1.5172
13/10/2014,16321.07,1613.61,176.2,1.5086
14/10/2014,16315.19,1610.74,175.55,1.5016
15/10/2014,16141.74,1595.21,177.48,1.5084
16/10/2014,16117.24,1592.6,173.75,1.481
17/10/2014,16380.41,1613.56,173.01,1.4707
20/10/2014,16399.67,1626.05,174.93,1.4857
21/10/2014,16614.81,1651.14,176.54,1.5003
22/10/2014,16461.32,1647.21,178.71,1.5214
23/10/2014,16677.9,1659.97,179.08,1.5155
24/10/2014,16805.41,1667.88,179.98,1.5148
27/10/2014,16817.94,1666.82,180.94,1.5148
28/10/2014,17005.75,1684.54,181.96,1.5272
29/10/2014,16974.31,1686.35,183.52,1.5377
30/10/2014,17195.42,1689.22,184.15,1.535
31/10/2014,17390.52,1708.09,187.07,1.5612
03/11/2014,17366.24,1699.09,187.65,1.5515
04/11/2014,17383.84,1698.22,187.84,1.5664
05/11/2014,17484.53,1706.51,190.09,1.5768
06/11/2014,17554.47,1707.53,190.11,1.5748
07/11/2014,17573.93,1707.01,191.58,1.5882
10/11/2014,17613.74,1714.6,190.87,1.58
11/11/2014,17614.9,1716.83,192.87,1.5905
12/11/2014,17612.2,1715.03,193.11,1.5937
13/11/2014,17652.79,1716.24,194.77,1.6097
14/11/2014,17634.74,1717.2,195.93,1.6163
17/11/2014,17647.75,1714.97,195.38,1.6085
18/11/2014,17687.82,1728.23,196.28,1.6269
19/11/2014,17685.73,1724.73,196.6,1.6235
20/11/2014,17719,1725.47,196.13,1.6154
21/11/2014,17810.06,1737.24,197,1.6205
24/11/2014,17817.9,1740.09,197.4,1.6268
25/11/2014,17814.94,1742.82,198.23,1.6325
26/11/2014,17827.75,1748,197.7,1.6307
27/11/2014,17827.75,1744.71,198.42,1.6305
28/11/2014,17828.24,1739.5,199.37,1.6443
01/12/2014,17776.8,1729.89,200.32,1.6537
02/12/2014,17879.55,1735.99,200.81,1.6471
03/12/2014,17912.62,1739.73,201.31,1.6461
04/12/2014,17900.1,1736.63,201.29,1.6453
05/12/2014,17958.79,1738.52,201.44,1.645
08/12/2014,17852.48,1726.47,201.18,1.6431
09/12/2014,17801.2,1721.97,200.87,1.6378
10/12/2014,17533.15,1698.43,199.26,1.6268
11/12/2014,17596.34,1699.05,197.15,1.6175
12/12/2014,17280.83,1675.04,197.4,1.6114
15/12/2014,17180.84,1654.56,195.89,1.6007
16/12/2014,17068.87,1655.52,193.36,1.5819
17/12/2014,17356.87,1672.48,193.14,1.5755
18/12/2014,17778.15,1706.33,196.16,1.5858
19/12/2014,17804.8,1717,200.55,1.6079
22/12/2014,17959.44,1723.26,201.37,1.621
23/12/2014,18024.17,1724.1,202.68,1.6274
24/12/2014,18030.21,1726.23,203.12,1.6344
25/12/2014,18030.21,1725.79,203.12,1.6344
26/12/2014,18053.71,1729.42,203.12,1.6344
29/12/2014,18038.23,1731.71,202.56,1.6344
30/12/2014,17983.07,1721.01,202.23,1.6296
31/12/2014,17823.07,1709.67,200.82,1.6215
01/01/2015,17823.07,1709.68,200.82,1.6215
02/01/2015,17832.99,1704.71,200.6,1.609
05/01/2015,17501.65,1671.25,202.1,1.618
06/01/2015,17371.64,1654.38,200.78,1.5964
07/01/2015,17584.52,1662.22,200.66,1.5977
08/01/2015,17907.87,1694.17,204.29,1.6196
09/01/2015,17737.37,1683.8,206.93,1.6315
12/01/2015,17640.84,1676.71,206.4,1.6306
13/01/2015,17613.68,1678.19,206.42,1.6406
14/01/2015,17427.09,1665.38,205.25,1.6357
15/01/2015,17320.71,1662.44,203.67,1.6265
16/01/2015,17511.57,1675.15,204.28,1.6357
19/01/2015,17511.57,1681.9,206.24,1.6502
20/01/2015,17515.23,1685.27,206.82,1.6583
21/01/2015,17554.28,1694.34,207.34,1.6779
22/01/2015,17813.98,1710.47,207.55,1.6787
23/01/2015,17672.6,1707.74,212.77,1.7144
26/01/2015,17678.7,1712.55,212,1.7124
27/01/2015,17387.21,1705.6,211.61,1.7144
28/01/2015,17191.37,1689.2,207.82,1.7032
29/01/2015,17416.85,1693.81,208.19,1.702
30/01/2015,17164.95,1677.54,209.12,1.7152
02/02/2015,17361.04,1694.35,206.34,1.6964
03/02/2015,17666.4,1715.22,207.4,1.701
04/02/2015,17673.02,1715.13,206.64,1.6947
05/02/2015,17884.88,1727.49,206.79,1.7044
06/02/2015,17824.29,1720.55,206.73,1.7055
09/02/2015,17729.21,1714.23,206.58,1.7
10/02/2015,17868.76,1725.83,205.8,1.7044
11/02/2015,17862.14,1721.58,206.63,1.6981
12/02/2015,17972.38,1741.22,206.62,1.7062
13/02/2015,18019.35,1752.18,206.64,1.7089
16/02/2015,18019.35,1752.91,206.42,1.7151
17/02/2015,18047.58,1754.8,206.33,1.7155
18/02/2015,18029.85,1759.04,206.48,1.7226
19/02/2015,17985.77,1760.8,207.24,1.7287
20/02/2015,18140.44,1768.09,207.86,1.7369
23/02/2015,18116.84,1770.35,209.37,1.7528
24/02/2015,18209.19,1774.92,209.45,1.7508
25/02/2015,18224.57,1776.86,209.09,1.7529
26/02/2015,18214.42,1773.99,209.06,1.7574
27/02/2015,18132.7,1772.86,210.55,1.7714
02/03/2015,18288.63,1776.65,210.51,1.7729
03/03/2015,18203.37,1768.57,211.79,1.7813
04/03/2015,18096.9,1760.91,209.49,1.7729
05/03/2015,18135.72,1763.74,211.39,1.7955
06/03/2015,17856.78,1741.99,212.74,1.8156
09/03/2015,17995.72,1741.84,209.94,1.8029
10/03/2015,17662.94,1712.55,210.71,1.798
11/03/2015,17635.39,1710.79,207.67,1.7849
12/03/2015,17895.22,1728.62,208.14,1.8014
13/03/2015,17749.31,1719.82,210.93,1.8302
16/03/2015,17977.42,1740.09,211.07,1.8384
17/03/2015,17849.08,1736.63,213.17,1.8384
18/03/2015,18076.19,1754.1,213.79,1.8887
19/03/2015,17959.03,1751.31,213.04,1.8928
20/03/2015,18127.65,1774.57,214.68,1.8902
23/03/2015,18116.04,1778,214.22,1.8944
24/03/2015,18011.14,1772.41,215.34,1.9024
25/03/2015,17718.54,1756.48,214.15,1.8988
26/03/2015,17678.23,1744.9,210.02,1.8692
27/03/2015,17712.66,1744.82,210.82,1.8788
30/03/2015,17976.31,1757.31,212.61,1.8998
31/03/2015,17776.12,1740.81,212.6,1.8821
01/04/2015,17698.18,1738.15,211.68,1.878
02/04/2015,17763.24,1749.34,211.25,1.8847
03/04/2015,17763.24,1750.26,211.25,1.8847
06/04/2015,17880.85,1764.49,211.25,1.8847
07/04/2015,17875.42,1764.24,212.89,1.9121
08/04/2015,17902.51,1766.44,212.55,1.9216
09/04/2015,17958.73,1771.86,214.24,1.9391
10/04/2015,18057.65,1779.47,216.67,1.9557
13/04/2015,17977.04,1772.08,217.61,1.9618
14/04/2015,18036.7,1779.85,216.74,1.9534
15/04/2015,18112.61,1783.79,215.62,1.9463
16/04/2015,18105.77,1786.58,214.4,1.9327
17/04/2015,17826.3,1769.01,213.43,1.9073
20/04/2015,18034.93,1779.12,213.4,1.9082
21/04/2015,17949.59,1781.95,215.64,1.9282
22/04/2015,18038.27,1786.77,214.41,1.9141
23/04/2015,18058.69,1792.31,215.01,1.9201
24/04/2015,18080.14,1799.86,215.47,1.9156
27/04/2015,18037.97,1801.57,217.19,1.9097
28/04/2015,18110.14,1803.39,213.29,1.8847
29/04/2015,18035.53,1795.87,213.09,1.877
30/04/2015,17840.52,1778.4,210.71,1.8522
01/05/2015,18024.06,1787.4,211.16,1.8542
04/05/2015,18070.4,1790.83,211.16,1.8542
05/05/2015,17928.2,1773.42,214.64,1.8759
06/05/2015,17841.98,1772.82,212.1,1.8526
07/05/2015,17924.06,1769.25,210.58,1.8352
08/05/2015,18191.11,1794.7,211,1.8399
11/05/2015,18105.17,1789.09,212.83,1.8434
12/05/2015,18068.23,1784.91,208.98,1.8171
13/05/2015,18060.49,1789.97,209.24,1.8319
14/05/2015,18252.24,1803.42,208.55,1.8253
15/05/2015,18272.56,1807.06,212.17,1.855
18/05/2015,18298.88,1808.73,212.11,1.8511
19/05/2015,18312.39,1803.72,214.59,1.8801
20/05/2015,18285.4,1803.95,214.59,1.8831
21/05/2015,18285.74,1810.84,212.65,1.8642
22/05/2015,18232.02,1803.5,213.56,1.8719
25/05/2015,18232.02,1803.82,213.56,1.8719
26/05/2015,18041.54,1781.14,213.9,1.8764
27/05/2015,18162.99,1793.6,213.17,1.864
28/05/2015,18126.12,1791.35,216.12,1.8822
29/05/2015,18010.68,1779.31,216.48,1.8895
01/06/2015,18040.37,1778.28,215.23,1.8895
02/06/2015,18011.94,1782.39,214.87,1.8814
03/06/2015,18076.27,1789.91,213.45,1.8806
04/06/2015,17905.58,1775.44,211.47,1.8679
05/06/2015,17849.46,1760.43,210.74,1.8611
08/06/2015,17766.55,1752.2,210.82,1.878
09/06/2015,17764.04,1751.65,209.11,1.8685
10/06/2015,18000.4,1776.71,207.35,1.8483
11/06/2015,18039.37,1779.45,210.24,1.8727
12/06/2015,17898.84,1770.17,209.84,1.8645
15/06/2015,17791.17,1757.09,207.97,1.8599
16/06/2015,17904.48,1763.68,205.07,1.8377
17/06/2015,17935.74,1762.11,204.66,1.829
18/06/2015,18115.84,1780.62,203.68,1.8245
19/06/2015,18015.95,1774.88,206.64,1.8418
22/06/2015,18119.78,1796.12,207.05,1.8554
23/06/2015,18144.07,1795.98,208.76,1.8746
24/06/2015,17966.07,1785.7,208.24,1.8861
25/06/2015,17890.36,1781.48,207.42,1.8852
26/06/2015,17946.68,1776.22,206.66,1.879
29/06/2015,17596.35,1737.6,205.82,1.8533
30/06/2015,17619.51,1735.61,202.76,1.8398
01/07/2015,17757.91,1747.18,203.69,1.8547
02/07/2015,17730.11,1747.25,205.02,1.8654
03/07/2015,17730.11,1744.49,204.45,1.8613
06/07/2015,17683.58,1729.5,204.49,1.8534
07/07/2015,17776.91,1724.95,204.9,1.861
08/07/2015,17515.42,1706.87,207.1,1.8596
09/07/2015,17548.62,1717.47,206.67,1.8631
10/07/2015,17760.41,1743.32,207.44,1.87
13/07/2015,17977.68,1758.69,208.72,1.8824
14/07/2015,18053.58,1769.41,210.71,1.8922
15/07/2015,18050.17,1768.12,210.44,1.8977
16/07/2015,18120.25,1781.91,211.14,1.9081
17/07/2015,18086.45,1780.83,213.28,1.9225
20/07/2015,18100.41,1782.19,213.93,1.9224
21/07/2015,17919.29,1777.86,214.67,1.9387
22/07/2015,17851.04,1766.64,212.73,1.9208
23/07/2015,17731.92,1762.8,212.88,1.9335
24/07/2015,17568.53,1745.5,213.15,1.935
27/07/2015,17440.59,1733.58,212.81,1.902
28/07/2015,17630.27,1747.06,210.89,1.8843
29/07/2015,17751.39,1760.69,212.17,1.8944
30/07/2015,17745.98,1759.77,214,1.9073
31/07/2015,17689.86,1765.6,214.46,1.9206
03/08/2015,17598.2,1761.18,215.49,1.9206
04/08/2015,17550.69,1758.87,215.56,1.9519
05/08/2015,17540.47,1762.75,216.19,1.9671
06/08/2015,17419.75,1752.67,218.31,1.97
07/08/2015,17373.38,1747.34,216.47,1.9603
10/08/2015,17615.17,1766.62,216.68,1.9772
11/08/2015,17402.84,1749.63,216.24,1.9588
12/08/2015,17402.51,1742.42,213.04,1.9266
13/08/2015,17408.25,1741.43,213.59,1.9319
14/08/2015,17477.4,1743.89,213.18,1.9316
17/08/2015,17545.18,1749.08,213.42,1.9333
18/08/2015,17511.34,1744.2,213.32,1.9339
19/08/2015,17348.73,1726.01,212.7,1.9186
20/08/2015,16990.69,1697.25,210.97,1.9018
21/08/2015,16459.75,1650.96,208.04,1.8573
24/08/2015,15871.35,1589.5,202,1.7813
25/08/2015,15666.44,1583.86,198.78,1.7612
26/08/2015,16285.51,1616.48,197.37,1.7763
27/08/2015,16654.77,1650.53,203.58,1.8094
28/08/2015,16643.01,1658.07,206.76,1.8403
31/08/2015,16528.03,1645.43,206.76,1.8403
01/09/2015,16058.35,1600.71,205.29,1.8156
02/09/2015,16351.38,1615.67,202.01,1.7998
03/09/2015,16374.76,1622.94,205.34,1.8251
04/09/2015,16102.38,1595.71,204.81,1.8181
07/09/2015,16102.38,1598.65,202.35,1.8047
08/09/2015,16492.68,1627.09,202.66,1.7958
09/09/2015,16253.57,1628.18,206.68,1.8437
10/09/2015,16330.4,1625.4,203.46,1.8074
11/09/2015,16433.09,1626.99,203.2,1.8073
14/09/2015,16370.96,1620.28,204.35,1.8157
15/09/2015,16599.85,1634.01,203.39,1.8067
16/09/2015,16739.95,1653.81,206.19,1.8108
17/09/2015,16674.74,1652.88,207.06,1.8169
18/09/2015,16384.58,1630.69,205.45,1.7932
21/09/2015,16510.19,1628.93,205.13,1.7956
22/09/2015,16330.47,1600.76,205.21,1.792
23/09/2015,16279.89,1596.66,205.45,1.7953
24/09/2015,16201.32,1587.38,205.58,1.7919
25/09/2015,16314.67,1594.7,207.7,1.8183
28/09/2015,16001.89,1560.04,207.41,1.8231
29/09/2015,16049.13,1550.43,203.55,1.7828
30/09/2015,16284.7,1581.92,205.74,1.8086
01/10/2015,16272.01,1587.98,208.16,1.8444
02/10/2015,16472.37,1607.13,209.07,1.8569
05/10/2015,16776.43,1637.49,211.46,1.8803
06/10/2015,16790.19,1640.98,213.86,1.8967
07/10/2015,16912.29,1653.47,211.37,1.8728
08/10/2015,17050.75,1663.57,212.52,1.8734
09/10/2015,17084.49,1673.77,214.15,1.8921
12/10/2015,17131.86,1674.39,213.79,1.8898
13/10/2015,17081.89,1661.07,215.58,1.9131
14/10/2015,16924.75,1653.01,213.42,1.8882
15/10/2015,17141.75,1675.77,212.8,1.905
16/10/2015,17215.97,1683.55,214.15,1.9196
19/10/2015,17230.54,1679.92,215.34,1.9305
20/10/2015,17217.11,1677.52,216.56,1.9383
21/10/2015,17168.61,1672.87,217.14,1.9182
22/10/2015,17489.16,1689.33,216.44,1.8991
23/10/2015,17646.7,1706.61,219.81,1.9379
26/10/2015,17623.05,1704.98,221.12,1.9379
27/10/2015,17581.43,1696.24,221.68,1.9452
28/10/2015,17779.52,1714.13,222.78,1.9496
29/10/2015,17755.8,1706.61,223.13,1.9378
30/10/2015,17663.54,1705.8,221.95,1.9155
02/11/2015,17828.76,1715.18,219.9,1.8928
03/11/2015,17918.15,1717.39,221.21,1.8965
04/11/2015,17867.58,1713.87,222.17,1.9011
05/11/2015,17863.43,1710.77,222.98,1.9047
06/11/2015,17910.33,1704.39,224.48,1.9151
09/11/2015,17730.48,1691.6,223.47,1.9105
10/11/2015,17758.21,1690.51,221.41,1.9006
11/11/2015,17702.22,1691.88,222.38,1.9126
12/11/2015,17448.07,1671.49,222.29,1.9054
13/11/2015,17245.24,1654.3,218.28,1.8734
16/11/2015,17483.01,1667.45,218.44,1.86
17/11/2015,17489.5,1676.1,221.62,1.8795
18/11/2015,17737.16,1691.55,220.69,1.8802
19/11/2015,17732.75,1700.56,222.36,1.9039
20/11/2015,17823.81,1702.83,222.43,1.9144
23/11/2015,17792.68,1697.3,224.2,1.9272
24/11/2015,17812.19,1695.46,223.55,1.92
25/11/2015,17813.39,1697.83,225.06,1.9314
26/11/2015,17813.39,1703.84,225.6,1.9424
27/11/2015,17798.49,1700.29,225.71,1.9356
30/11/2015,17719.92,1694.4,227.04,1.9351
01/12/2015,17888.35,1710.12,225.73,1.9239
02/12/2015,17729.68,1696.23,227.86,1.9428
03/12/2015,17477.67,1678.23,229.13,1.9442
04/12/2015,17847.63,1694.78,223.71,1.8829
07/12/2015,17730.51,1686.58,229.01,1.9128
08/12/2015,17568,1670.68,228.35,1.898
09/12/2015,17492.3,1664.37,226.6,1.8879
10/12/2015,17574.75,1663.88,223.66,1.8627
11/12/2015,17265.21,1637.83,223.38,1.8517
14/12/2015,17368.5,1632.28,221.77,1.834
15/12/2015,17524.91,1646.69,223.07,1.8254
16/12/2015,17749.09,1668.73,226.21,1.8728
17/12/2015,17495.84,1655.22,230.06,1.9046
18/12/2015,17128.55,1633.75,227.28,1.8815
21/12/2015,17251.62,1638.91,225.62,1.8725
22/12/2015,17417.27,1650.17,226.25,1.8721
23/12/2015,17602.61,1671.51,228.96,1.894
24/12/2015,17552.17,1674,230.08,1.8986
25/12/2015,17552.17,1673.3,230.08,1.8986
28/12/2015,17528.27,1670.39,230.08,1.8986
29/12/2015,17720.98,1685.62,232.08,1.8986
30/12/2015,17603.87,1676.43,234.32,1.9317
31/12/2015,17425.03,1662.79,232.58,1.9187
01/01/2016,17425.03,1662.79,232.58,1.9187
04/01/2016,17148.94,1630.89,229.26,1.8761
05/01/2016,17158.66,1630.64,226.81,1.8648
06/01/2016,16906.51,1610.17,227.48,1.8528
07/01/2016,16514.1,1576.32,226.21,1.842
08/01/2016,16346.45,1561.47,223.95,1.8251
11/01/2016,16398.57,1557.59,223.25,1.8187
12/01/2016,16516.22,1561.68,226.1,1.8336
13/01/2016,16151.41,1544.28,227.77,1.8564
14/01/2016,16379.05,1549.06,223.63,1.8148
15/01/2016,15988.08,1521,224.82,1.819
18/01/2016,15988.08,1514.05,222.66,1.8068
19/01/2016,16016.02,1520.49,224.35,1.8266
20/01/2016,15766.74,1491.73,224.52,1.8127
21/01/2016,15882.68,1497.87,223.63,1.82
22/01/2016,16093.51,1536.79,224,1.8403
25/01/2016,15885.22,1521.15,227.62,1.8692
26/01/2016,16167.23,1535.76,226.61,1.8487
27/01/2016,15944.46,1531.38,228.56,1.8702
28/01/2016,16069.64,1532.68,229,1.8595
29/01/2016,16466.3,1562.18,230.4,1.8817
01/02/2016,16449.18,1566.56,235.88,1.9351
02/02/2016,16153.54,1538.92,234.62,1.9192
03/02/2016,16336.66,1540.87,232.5,1.8928
04/02/2016,16416.58,1548.86,231.07,1.8798
05/02/2016,16204.97,1523.87,230.48,1.8766
08/02/2016,16027.05,1498.54,226.81,1.8537
09/02/2016,16014.38,1488.54,225.17,1.8146
10/02/2016,15914.74,1486.76,225.16,1.8015
11/02/2016,15660.18,1468.9,225.32,1.8003
12/02/2016,15973.84,1486.45,223.21,1.7713
15/02/2016,15973.84,1503.96,228.72,1.8437
16/02/2016,16196.41,1519.94,229.72,1.8501
17/02/2016,16453.83,1544.32,233.2,1.869
18/02/2016,16413.43,1543.51,234.08,1.893
19/02/2016,16391.99,1538.17,234.54,1.8929
22/02/2016,16620.66,1558.02,238.32,1.9294
23/02/2016,16431.78,1540.7,238.75,1.9352
24/02/2016,16484.99,1534.69,239.5,1.9497
25/02/2016,16697.29,1553.9,241.36,1.972
26/02/2016,16639.97,1554.47,243.93,1.9886
29/02/2016,16516.5,1547.17,243.5,1.9798
01/03/2016,16865.08,1575.31,242.72,1.9893
02/03/2016,16899.32,1588.08,244.26,1.9977
03/03/2016,16943.9,1598.26,243.16,1.9945
04/03/2016,17006.77,1608.04,243.18,1.9975
07/03/2016,17073.95,1607.63,242.79,1.9806
08/03/2016,16964.1,1593.66,240.91,1.9776
09/03/2016,17000.36,1598.47,241.16,1.9822
10/03/2016,16995.13,1597.09,242.74,1.9877
11/03/2016,17213.31,1626.17,241.78,1.9745
14/03/2016,17229.13,1627.5,243.67,1.9826
15/03/2016,17251.53,1619.16,245.86,2.0057
16/03/2016,17325.76,1621.47,246.6,2.0054
17/03/2016,17481.49,1643,243.26,2.0054
18/03/2016,17602.3,1645.57,243.42,1.9794
21/03/2016,17623.87,1643.68,244.55,1.9825
22/03/2016,17582.57,1643.58,245.47,2.0011
23/03/2016,17502.59,1631.27,247.7,2.0167
24/03/2016,17515.73,1622.21,247.99,2.0139
25/03/2016,17515.73,1623.71,247.99,2.0139
28/03/2016,17535.39,1627.63,247.99,2.0139
29/03/2016,17633.11,1635.87,246.24,2.0075
30/03/2016,17716.66,1652.89,248.22,2.0134
31/03/2016,17685.09,1648.12,248.45,1.9989
01/04/2016,17792.75,1640.14,248.29,1.9744
04/04/2016,17737,1640.75,252.53,2.0113
05/04/2016,17603.32,1618.53,251.47,1.993
06/04/2016,17716.05,1633.41,252.34,2.0068
07/04/2016,17541.96,1621.66,254.48,2.0296
08/04/2016,17576.96,1632.2,253.31,2.0252
11/04/2016,17556.41,1632.14,251.97,2.01
12/04/2016,17721.25,1644.22,249.72,1.9962
13/04/2016,17908.28,1666.17,252.29,2.0136
14/04/2016,17926.43,1671.96,254.64,2.0498
15/04/2016,17897.46,1670.47,253.22,2.041
18/04/2016,18004.16,1675.32,254.03,2.0346
19/04/2016,18053.6,1692.91,254.35,2.0427
20/04/2016,18096.27,1695.05,253.96,2.0469
21/04/2016,17982.52,1690.45,251.6,2.0415
22/04/2016,18003.75,1686.17,249.61,2.0185
25/04/2016,17977.24,1682.68,247.83,2.005
26/04/2016,17990.32,1685.65,246.38,1.9927
27/04/2016,18041.55,1685.95,245.24,1.9838
28/04/2016,17830.76,1677.34,246.21,1.9893
29/04/2016,17773.64,1670.8,245.51,1.9859
02/05/2016,17891.16,1675.64,245.51,1.9859
03/05/2016,17750.91,1658.64,245.85,1.9708
04/05/2016,17651.26,1644.01,247.14,1.9746
05/05/2016,17660.71,1641.16,247.64,1.9738
06/05/2016,17740.63,1643.19,247.1,1.9738
09/05/2016,17705.91,1642.89,250.22,1.9983
10/05/2016,17928.35,1662.31,251.33,2.0077
11/05/2016,17711.12,1653.38,253.2,2.0113
12/05/2016,17720.5,1649.91,252.07,2.0053
13/05/2016,17535.32,1635.92,251.71,1.9973
16/05/2016,17710.71,1648.49,251.4,2.0124
17/05/2016,17529.98,1641.63,251.49,2.0085
18/05/2016,17526.62,1641.15,248.07,1.9872
19/05/2016,17435.4,1627.61,244.63,1.9613
20/05/2016,17500.94,1639.85,245.7,1.9696
23/05/2016,17492.93,1635.62,247.31,1.9808
24/05/2016,17706.05,1654.36,246.38,1.9671
25/05/2016,17851.51,1668.87,248.29,1.9851
26/05/2016,17828.29,1672.12,248.34,1.9813
27/05/2016,17873.22,1676.07,248.88,1.9936
30/05/2016,17873.22,1676.84,248.88,1.9936
31/05/2016,17787.2,1674.61,250.11,2.011
01/06/2016,17789.67,1672.86,251.41,2.0221
02/06/2016,17838.56,1673.77,252.3,2.0276
03/06/2016,17807.06,1678.58,253.54,2.0317
06/06/2016,17920.33,1686.39,254.79,2.0317
07/06/2016,17938.28,1694.29,253.04,2.028
08/06/2016,18005.05,1699.29,252.69,2.0303
09/06/2016,17985.19,1688.66,254.36,2.0316
10/06/2016,17865.34,1665.22,254.57,2.0124
13/06/2016,17732.48,1645.64,256.14,2.016
14/06/2016,17674.82,1630.45,253.4,1.9916
15/06/2016,17640.17,1633.8,253.89,1.9949
16/06/2016,17733.1,1628.13,253.25,1.9943
17/06/2016,17675.16,1635.78,252.85,1.9934
20/06/2016,17804.87,1664.14,249.58,1.988
21/06/2016,17829.73,1668.78,249.44,1.9931
22/06/2016,17780.83,1667.91,251.62,2.0077
23/06/2016,18011.07,1691.76,250.2,1.9887
24/06/2016,17400.75,1608.79,265.63,2.0504
27/06/2016,17140.24,1571.76,267.46,2.1269
28/06/2016,17409.72,1599.12,265.58,2.1099
29/06/2016,17694.68,1634.41,267.61,2.1232
30/06/2016,17929.99,1653.23,270.81,2.1492
01/07/2016,17949.37,1660.26,279.42,2.2104
04/07/2016,17949.37,1660.88,279.87,2.2154
05/07/2016,17840.62,1645.54,281.12,2.2296
06/07/2016,17918.62,1640.74,284.06,2.2477
07/07/2016,17895.88,1643.93,283.96,2.2485
08/07/2016,18146.74,1662.32,284.67,2.2675
11/07/2016,18226.93,1676.15,288.34,2.3204
12/07/2016,18347.67,1690.69,285.45,2.3265
13/07/2016,18372.12,1694.38,283.36,2.2912
14/07/2016,18506.41,1703.22,283.6,2.318
15/07/2016,18516.55,1700.57,282.81,2.3187
18/07/2016,18533.05,1703.93,285.57,2.3353
19/07/2016,18559.01,1698.72,286.79,2.3739
20/07/2016,18595.03,1707.32,287.81,2.3507
21/07/2016,18517.23,1705.4,287.8,2.3518
22/07/2016,18570.85,1706.97,289.14,2.3679
25/07/2016,18493.06,1703.94,288.42,2.3268
26/07/2016,18473.75,1705.99,288.94,2.3405
27/07/2016,18472.17,1706.35,289.67,2.3299
28/07/2016,18456.35,1707.59,287.67,2.319
29/07/2016,18432.24,1721.79,286.88,2.3066
01/08/2016,18404.51,1717.67,288.3,2.3066
02/08/2016,18313.77,1706.52,288.41,2.2958
03/08/2016,18355,1703.43,285.72,2.2596
04/08/2016,18352.05,1707.69,286.27,2.2678
05/08/2016,18543.53,1716.65,290.28,2.2916
08/08/2016,18529.29,1719.91,292.43,2.3061
09/08/2016,18533.05,1728.52,294.45,2.3368
10/08/2016,18495.66,1727.49,294.23,2.333
11/08/2016,18613.52,1735.8,297.1,2.3549
12/08/2016,18576.47,1736.1,298.01,2.3588
15/08/2016,18636.05,1739.43,298.75,2.3698
16/08/2016,18552.02,1730.94,297.47,2.3586
17/08/2016,18573.94,1731.64,295.31,2.3492
18/08/2016,18597.7,1736.83,293.4,2.3301
19/08/2016,18552.57,1731.85,294.23,2.3247
22/08/2016,18529.42,1732.61,293.9,2.3311
23/08/2016,18547.3,1738.55,292.94,2.3258
24/08/2016,18481.48,1731.17,290.18,2.3181
25/08/2016,18448.41,1727.3,289.35,2.3061
26/08/2016,18395.4,1726.08,289.26,2.3004
29/08/2016,18502.99,1725.57,289.26,2.3004
30/08/2016,18454.3,1723.65,292.69,2.3136
31/08/2016,18400.88,1719.52,290.26,2.3064
01/09/2016,18419.3,1723.55,288.03,2.2952
02/09/2016,18491.96,1734.6,289.05,2.3084
05/09/2016,18491.96,1737.39,289.22,2.3063
06/09/2016,18538.12,1745.89,288.73,2.31
07/09/2016,18526.14,1747.47,289.03,2.3209
08/09/2016,18479.91,1744.44,289.55,2.3372
09/09/2016,18085.45,1707.94,288.64,2.3205
12/09/2016,18325.07,1715.76,282.67,2.2835
13/09/2016,18066.75,1694.83,286.26,2.2949
14/09/2016,18034.77,1692.53,285.39,2.29
15/09/2016,18212.48,1704.84,285.34,2.2942
16/09/2016,18123.8,1696.31,288.41,2.3199
19/09/2016,18120.17,1703.08,290.69,2.3385
20/09/2016,18129.96,1703.23,293.11,2.3598
21/09/2016,18293.7,1721.69,292.17,2.3612
22/09/2016,18392.46,1740.55,294.33,2.3771
23/09/2016,18261.45,1729.7,297.07,2.3856
26/09/2016,18094.83,1714.85,295.68,2.3759
27/09/2016,18228.3,1719.88,294.13,2.3759
28/09/2016,18339.24,1725.63,294.33,2.3738
29/09/2016,18143.45,1719.77,294.47,2.3756
30/09/2016,18308.15,1725.67,292.54,2.3622
03/10/2016,18253.85,1722.82,297.12,2.4043
04/10/2016,18168.45,1717.82,300.16,2.4287
05/10/2016,18281.03,1721.14,298.14,2.4173
06/10/2016,18268.5,1718.4,298.15,2.4061
07/10/2016,18240.49,1712.4,303.66,2.4485
10/10/2016,18329.04,1719.29,302.34,2.4304
11/10/2016,18128.66,1700.33,306.99,2.4562
12/10/2016,18144.2,1695.54,302.59,2.4267
13/10/2016,18098.94,1689.62,302.68,2.4231
14/10/2016,18138.38,1693.71,302.42,2.4202
17/10/2016,18086.4,1687.84,302.68,2.4157
18/10/2016,18161.94,1701.1,301.4,2.4066
19/10/2016,18202.62,1706.74,301.24,2.4092
20/10/2016,18162.35,1704.04,301.62,2.4274
21/10/2016,18145.71,1701.16,301.63,2.4152
24/10/2016,18223.03,1706.24,302.08,2.4224
25/10/2016,18169.27,1701.2,303.34,2.4293
26/10/2016,18199.33,1699.92,300.03,2.4169
27/10/2016,18169.68,1694.66,297.88,2.4075
28/10/2016,18161.19,1690.96,299.36,2.4178
31/10/2016,18142.42,1690.92,299.82,2.4178
01/11/2016,18037.1,1683.96,298.94,2.3942
02/11/2016,17959.64,1672.83,295.38,2.3806
03/11/2016,17930.67,1667.03,291.18,2.3375
04/11/2016,17888.28,1660.12,289.76,2.3094
07/11/2016,18259.6,1685.62,291.56,2.3159
08/11/2016,18332.74,1691.74,294.73,2.3324
09/11/2016,18589.69,1696.46,294.3,2.3028
10/11/2016,18807.88,1701.29,292.03,2.3127
11/11/2016,18847.66,1696.99,283.19,2.2563
14/11/2016,18868.69,1692.31,282.73,2.2679
15/11/2016,18923.06,1701.82,281.71,2.2772
16/11/2016,18868.14,1698.41,284.19,2.2832
17/11/2016,18903.82,1706.98,284.61,2.2951
18/11/2016,18867.93,1697.35,287.26,2.3122
21/11/2016,18956.69,1710.49,287.94,2.326
22/11/2016,19023.87,1713.07,288.11,2.3194
23/11/2016,19083.18,1709.71,288.47,2.3294
24/11/2016,19083.18,1713.27,286.4,2.3038
25/11/2016,19152.14,1720.84,287.56,2.3115
28/11/2016,19097.9,1712.98,289.65,2.3218
29/11/2016,19121.6,1715.42,287.62,2.3072
30/11/2016,19123.58,1712.09,290.25,2.3262
01/12/2016,19191.93,1708.64,281.39,2.2498
02/12/2016,19170.42,1708.94,278.08,2.2341
05/12/2016,19216.24,1718.1,278.16,2.2321
06/12/2016,19251.78,1727.82,278.18,2.2414
07/12/2016,19549.62,1749.31,281.66,2.2619
08/12/2016,19614.81,1752.94,283.19,2.2827
09/12/2016,19756.85,1760.12,285.22,2.2976
12/12/2016,19796.43,1760.25,286.68,2.3055
13/12/2016,19911.21,1774.01,287.05,2.3035
14/12/2016,19792.53,1763.72,289.33,2.3136
15/12/2016,19852.24,1754.51,290.69,2.3055
16/12/2016,19843.41,1754.74,293.07,2.3269
19/12/2016,19883.06,1758.82,293.82,2.3252
20/12/2016,19974.62,1761.43,295.52,2.3387
21/12/2016,19941.96,1760.09,295.3,2.3359
22/12/2016,19918.88,1757.83,296.11,2.3334
23/12/2016,19933.81,1759.15,298.66,2.3498
26/12/2016,19933.81,1758.48,298.66,2.3498
27/12/2016,19945.04,1760.56,298.66,2.3498
28/12/2016,19833.68,1750.48,299.33,2.3498
29/12/2016,19819.78,1752.96,298.06,2.3526
30/12/2016,19762.6,1751.22,298.38,2.3501
02/01/2017,19762.6,1753.09,298.38,2.3501
03/01/2017,19881.76,1757.99,297.92,2.331
04/01/2017,19942.16,1773.96,298.98,2.3438
05/01/2017,19899.29,1782.46,298.9,2.3555
06/01/2017,19963.8,1783.1,298.34,2.3552
09/01/2017,19887.38,1776.94,303.84,2.3899
10/01/2017,19855.53,1779.62,304.3,2.3967
11/01/2017,19954.28,1778.17,304.27,2.3917
12/01/2017,19891,1783.44,302.87,2.382
13/01/2017,19885.73,1788.23,305.42,2.3931
16/01/2017,19885.73,1783.76,307.84,2.4075
17/01/2017,19826.77,1782.86,304.16,2.3847
18/01/2017,19804.72,1785.69,302.58,2.3303
19/01/2017,19732.4,1776.02,302.46,2.3318
20/01/2017,19827.25,1782.71,302.51,2.3302
23/01/2017,19799.85,1781.43,300.14,2.324
24/01/2017,19912.71,1790.57,300.01,2.3194
25/01/2017,20068.51,1805.81,298.55,2.3172
26/01/2017,20100.91,1803.75,298,2.319
27/01/2017,20093.78,1803.39,298.25,2.326
30/01/2017,19971.13,1792.06,299.3,2.3232
31/01/2017,19864.09,1792.4,300.34,2.345
01/02/2017,19890.94,1793.39,297.06,2.3192
02/02/2017,19884.91,1795.11,295.49,2.312
03/02/2017,20071.46,1805.51,302.62,2.3582
06/02/2017,20052.42,1798.21,304.76,2.3643
07/02/2017,20090.29,1797.29,305.99,2.378
08/02/2017,20054.34,1802.26,305.2,2.362
09/02/2017,20172.4,1807.54,304.05,2.3632
10/02/2017,20269.37,1814.71,306.87,2.3743
13/02/2017,20412.16,1823.34,305.85,2.3716
14/02/2017,20504.41,1823.63,308.12,2.3846
15/02/2017,20611.86,1833.55,308.55,2.3857
16/02/2017,20619.77,1836.56,308.64,2.3882
17/02/2017,20624.05,1836.5,312.46,2.4161
20/02/2017,20624.05,1836.78,311.41,2.4002
21/02/2017,20743,1843.05,312.78,2.4054
22/02/2017,20775.6,1842.37,313.91,2.4199
23/02/2017,20810.32,1845.35,313.89,2.4245
24/02/2017,20821.76,1840.8,313.25,2.4299
27/02/2017,20837.44,1841.57,317.5,2.4571
28/02/2017,20812.24,1838.7,316.42,2.4501
01/03/2017,21115.55,1856.34,319.54,2.469
02/03/2017,21002.97,1848.84,322.19,2.4713
03/03/2017,21005.71,1848.98,322.71,2.4809
06/03/2017,20954.34,1845.7,322.28,2.4889
07/03/2017,20924.76,1840.57,323.88,2.4988
08/03/2017,20855.73,1834.72,323.99,2.4887
09/03/2017,20858.19,1835.9,324.34,2.4916
10/03/2017,20902.98,1845.88,326.41,2.5077
13/03/2017,20881.48,1850.02,326.06,2.505
14/03/2017,20837.37,1842.98,328.47,2.5129
15/03/2017,20950.1,1854.15,326.18,2.5042
16/03/2017,20934.55,1864.1,327.18,2.5113
17/03/2017,20914.62,1863.08,324.88,2.5113
20/03/2017,20905.86,1860.53,325.65,2.5132
21/03/2017,20668.01,1846.39,324.02,2.5088
22/03/2017,20661.3,1842.63,322.04,2.507
23/03/2017,20656.58,1844.97,321.58,2.5004
24/03/2017,20596.72,1845.81,322.23,2.51
27/03/2017,20550.98,1845.15,320.84,2.4976
28/03/2017,20701.5,1858.88,321.52,2.5037
29/03/2017,20659.32,1856.77,323.95,2.5353
30/03/2017,20728.49,1859.94,323.74,2.5276
31/03/2017,20663.22,1853.69,323.42,2.5074
03/04/2017,20650.21,1848.97,322.39,2.5176
04/04/2017,20689.24,1850.02,323.29,2.5219
05/04/2017,20648.15,1845.95,323.18,2.5199
06/04/2017,20662.95,1846.59,323.37,2.5166
07/04/2017,20656.1,1845.46,323.44,2.5323
10/04/2017,20658.02,1846.78,324.3,2.534
11/04/2017,20651.3,1847.88,324.46,2.5428
12/04/2017,20591.86,1842.98,323.23,2.5328
13/04/2017,20453.25,1833.13,322.72,2.5262
14/04/2017,20453.25,1832.28,322.72,2.5262
17/04/2017,20636.92,1846.13,322.72,2.5262
18/04/2017,20523.28,1837.34,321.05,2.5203
19/04/2017,20404.49,1835.04,316.71,2.4974
20/04/2017,20578.71,1846.65,317.94,2.504
21/04/2017,20547.76,1842.06,318.14,2.5031
24/04/2017,20763.89,1871.65,319.84,2.5234
25/04/2017,20996.12,1882.04,325.02,2.5385
26/04/2017,20975.09,1882.44,327.21,2.5416
27/04/2017,20981.33,1881.14,324.81,2.524
28/04/2017,20940.51,1878.28,325.18,2.5348
01/05/2017,20913.46,1882.49,325.18,2.5348
02/05/2017,20949.89,1886.15,326.32,2.5418
03/05/2017,20957.9,1883.13,327.87,2.551
04/05/2017,20951.47,1886.48,328.15,2.5516
05/05/2017,21006.94,1896.75,327.96,2.5637
08/05/2017,21012.28,1897.32,328.5,2.5845
09/05/2017,20975.78,1893.41,329.1,2.5878
10/05/2017,20943.11,1895.93,328.13,2.5891
11/05/2017,20919.42,1891.21,329.32,2.597
12/05/2017,20896.61,1892.97,330.16,2.6031
15/05/2017,20981.94,1901.64,329.29,2.6071
16/05/2017,20979.75,1906.23,332.24,2.6311
17/05/2017,20606.93,1882.62,331.45,2.636
18/05/2017,20663.02,1880.96,327.74,2.6084
19/05/2017,20804.84,1894.77,329.72,2.6181
22/05/2017,20894.83,1904.92,331.48,2.6352
23/05/2017,20937.91,1906.69,333.77,2.6518
24/05/2017,21012.42,1907.81,334.78,2.6566
25/05/2017,21082.95,1914.59,336.81,2.6767
26/05/2017,21080.28,1912.21,340.6,2.7123
29/05/2017,21080.28,1911.7,340.6,2.7123
30/05/2017,21029.47,1909.9,339.15,2.7151
31/05/2017,21008.65,1911.74,342.21,2.7377
01/06/2017,21144.18,1923.1,343.71,2.7479
02/06/2017,21206.29,1935.21,346.19,2.7603
05/06/2017,21184.04,1931.73,345.57,2.7603
06/06/2017,21136.23,1926.05,345.7,2.7608
07/06/2017,21173.69,1927.06,345.54,2.7525
08/06/2017,21182.53,1924.2,344.84,2.7276
09/06/2017,21271.97,1922.79,347.79,2.7492
12/06/2017,21235.67,1918.7,346.83,2.7451
13/06/2017,21328.47,1928.74,344.87,2.7412
14/06/2017,21374.56,1930.53,347.15,2.7552
15/06/2017,21359.9,1916.52,344.81,2.7531
16/06/2017,21384.28,1923.24,346.5,2.7619
19/06/2017,21528.99,1936.52,346.98,2.7719
20/06/2017,21467.14,1922.54,351.99,2.8096
21/06/2017,21410.03,1920,350.03,2.7868
22/06/2017,21397.29,1921.54,350.18,2.7915
23/06/2017,21394.76,1925.02,347.95,2.7718
26/06/2017,21409.55,1927.49,350,2.7908
27/06/2017,21310.66,1917.57,348.68,2.7829
28/06/2017,21454.61,1931.72,344.54,2.7474
29/06/2017,21287.03,1919.59,341.86,2.7267
30/06/2017,21349.63,1916.43,338.53,2.7034
03/07/2017,21479.27,1920.58,338.48,2.672
04/07/2017,21479.27,1918.89,337.88,2.6561
05/07/2017,21478.17,1920.33,338.18,2.6587
06/07/2017,21320.04,1909.01,337.85,2.6482
07/07/2017,21414.34,1913.18,338.62,2.6515
10/07/2017,21408.52,1917.11,341.45,2.6725
11/07/2017,21409.07,1915.67,339.66,2.6518
12/07/2017,21532.14,1932.86,340.95,2.6627
13/07/2017,21553.09,1936.94,343.25,2.6775
14/07/2017,21637.74,1948.08,342.15,2.6706
17/07/2017,21629.72,1948.58,342.3,2.668
18/07/2017,21574.73,1949.66,343.7,2.681
19/07/2017,21640.75,1958.56,343.28,2.6944
20/07/2017,21611.78,1963.31,347.21,2.729
21/07/2017,21580.07,1958.77,347.58,2.7341
24/07/2017,21513.17,1954.84,344.76,2.71
25/07/2017,21613.43,1960.59,345.35,2.708
26/07/2017,21711.01,1961.9,343.16,2.706
27/07/2017,21796.55,1963.54,341.97,2.7343
28/07/2017,21830.31,1960.32,342.8,2.7507
31/07/2017,21891.12,1961.1,341.93,2.736
01/08/2017,21963.92,1970.39,340.4,2.7225
02/08/2017,22016.24,1970.29,339.42,2.7268
03/08/2017,22026.1,1968.72,338.93,2.7357
04/08/2017,22092.81,1967.77,341.01,2.7529
07/08/2017,22118.42,1971.76,342.89,2.7529
08/08/2017,22085.34,1966.81,343.87,2.7727
09/08/2017,22048.7,1961.88,343.2,2.7676
10/08/2017,21844.01,1940.28,343.34,2.7719
11/08/2017,21858.32,1937.73,341.37,2.7694
14/08/2017,21993.71,1952.58,343.11,2.7698
15/08/2017,21998.99,1949.23,347.31,2.806
16/08/2017,22024.87,1954.04,349.34,2.8144
17/08/2017,21750.73,1936.32,350.8,2.8265
18/08/2017,21674.51,1930.4,345.58,2.798
21/08/2017,21703.75,1932.22,345.82,2.7972
22/08/2017,21899.89,1945.18,348.24,2.8167
23/08/2017,21812.09,1942.15,350.6,2.8288
24/08/2017,21783.4,1939.65,347.92,2.8143
25/08/2017,21813.67,1944.56,347.42,2.8072
28/08/2017,21808.4,1946.28,347.42,2.8072
29/08/2017,21865.37,1945.05,344.7,2.7977
30/08/2017,21892.43,1947.53,346.36,2.8038
31/08/2017,21948.1,1959.74,349.21,2.8205
01/09/2017,21987.56,1965.79,350.73,2.826
04/09/2017,21987.56,1963.32,349.55,2.8174
05/09/2017,21753.31,1954.64,348.93,2.8052
06/09/2017,21807.64,1959.15,345.97,2.7854
07/09/2017,21784.78,1964.57,347.19,2.7907
08/09/2017,21797.79,1964.52,346.76,2.7851
11/09/2017,22057.37,1981.97,346.66,2.7877
12/09/2017,22118.86,1988.28,346.9,2.7816
13/09/2017,22158.18,1986.74,346.61,2.7807
14/09/2017,22203.48,1983.42,346.69,2.7801
15/09/2017,22268.34,1987.72,338.29,2.7026
18/09/2017,22331.35,1990.58,339.77,2.7174
19/09/2017,22370.8,1996.09,341.54,2.7341
20/09/2017,22412.59,1998.69,340.42,2.7291
21/09/2017,22359.23,1990.33,339.49,2.713
22/09/2017,22349.59,1994.58,337.21,2.688
25/09/2017,22296.09,1989.08,338.6,2.7088
26/09/2017,22284.32,1983.25,337.27,2.706
27/09/2017,22340.71,1988,337.05,2.6989
28/09/2017,22381.2,1992.36,337.43,2.7091
29/09/2017,22405.09,2000.55,338.52,2.7332
02/10/2017,22557.6,2004.67,341.48,2.7507
03/10/2017,22641.67,2009.63,343.61,2.7567
04/10/2017,22661.64,2010.95,343.15,2.7654
05/10/2017,22775.39,2016.15,346.97,2.7878
06/10/2017,22773.67,2014.02,352.01,2.8178
09/10/2017,22761.07,2013.12,350.7,2.8071
10/10/2017,22830.68,2021.56,350.23,2.8068
11/10/2017,22872.89,2024.54,351.12,2.8159
12/10/2017,22841.01,2023.64,353.34,2.8298
13/10/2017,22871.72,2028.01,351.77,2.8251
16/10/2017,22956.96,2029.89,351.39,2.8362
17/10/2017,22997.44,2027.36,353.34,2.8477
18/10/2017,23157.6,2030.44,354.5,2.8521
19/10/2017,23163.04,2033.29,354.77,2.8544
20/10/2017,23328.63,2035.58,354.05,2.8467
23/10/2017,23273.96,2030.06,356.16,2.8463
24/10/2017,23441.76,2031.38,355.82,2.8385
25/10/2017,23329.46,2023.48,354.51,2.8099
26/10/2017,23400.86,2025.69,355.44,2.8083
27/10/2017,23434.19,2034.6,359.86,2.858
30/10/2017,23348.74,2034.59,360.69,2.858
31/10/2017,23377.24,2036.8,358.2,2.8286
01/11/2017,23435.01,2041.17,357.07,2.8264
02/11/2017,23516.26,2043.24,360.29,2.8481
03/11/2017,23539.19,2045.47,361.97,2.8575
06/11/2017,23548.42,2046.8,363.32,2.8558
07/11/2017,23557.23,2046.78,361.82,2.8549
08/11/2017,23563.36,2050.7,362.38,2.8719
09/11/2017,23461.94,2042.36,363.12,2.8861
10/11/2017,23422.21,2040.25,361.2,2.8759
13/11/2017,23439.7,2035.71,361.74,2.896
14/11/2017,23409.47,2031.88,362.34,2.8991
15/11/2017,23271.28,2021.03,362,2.8862
16/11/2017,23458.36,2035.81,360.3,2.8915
17/11/2017,23358.24,2033.18,363.29,2.9111
20/11/2017,23430.33,2035.73,361.27,2.8978
21/11/2017,23590.83,2047.15,362.56,2.9011
22/11/2017,23526.18,2050.06,364.06,2.9071
23/11/2017,23526.18,2053.28,361.93,2.9007
24/11/2017,23557.99,2059.54,362.24,2.9186
27/11/2017,23580.78,2055.77,362.67,2.9245
28/11/2017,23836.71,2066.55,364.07,2.9346
29/11/2017,23940.68,2066.22,362.52,2.9188
30/11/2017,24272.35,2077.36,358.86,2.8984
01/12/2017,24231.59,2069.37,359.24,2.8928
04/12/2017,24290.05,2069.99,359.3,2.8907
05/12/2017,24180.64,2063.64,358.33,2.9137
06/12/2017,24140.91,2058.22,360.5,2.9203
07/12/2017,24211.48,2063.58,363.41,2.9543
08/12/2017,24329.16,2073.46,359.53,2.9111
11/12/2017,24386.03,2081.24,362.56,2.9323
12/12/2017,24504.8,2083.43,364.01,2.9401
13/12/2017,24585.43,2084.36,364.5,2.945
14/12/2017,24508.66,2077.55,363.52,2.939
15/12/2017,24651.74,2085.54,362.35,2.9431
18/12/2017,24792.2,2104.02,367.21,2.9743
19/12/2017,24754.75,2096.34,367.36,2.9719
20/12/2017,24726.65,2095.45,366.2,2.9605
21/12/2017,24782.29,2100.78,366.14,2.9494
22/12/2017,24754.06,2099.59,365.55,2.9529
25/12/2017,24754.06,2099.94,365.55,2.9529
26/12/2017,24746.21,2099.31,365.55,2.9529
27/12/2017,24774.3,2103.19,365.07,2.9529
28/12/2017,24837.51,2106.89,365.86,2.9495
29/12/2017,24719.22,2103.45,364.28,2.9321
01/01/2018,24719.22,2103.47,364.28,2.9321
02/01/2018,24824.01,2116.04,362.83,2.9167
03/01/2018,24922.68,2125.65,362.59,2.9124
04/01/2018,25075.13,2142.75,365.3,2.9365
05/01/2018,25295.87,2156.6,368,2.9392
08/01/2018,25283,2157.96,370.22,2.9513
09/01/2018,25385.8,2161.78,370.56,2.9582
10/01/2018,25369.13,2162.28,371.76,2.9561
11/01/2018,25574.73,2171.78,372.33,2.9491
12/01/2018,25803.19,2185.31,368.96,2.9277
15/01/2018,25803.19,2193.95,368.33,2.9283
16/01/2018,25792.86,2188.39,368.48,2.9371
17/01/2018,26115.65,2199.93,368.27,2.9236
18/01/2018,26017.81,2196.73,369.07,2.9209
19/01/2018,26071.72,2207.4,370.57,2.9441
22/01/2018,26214.6,2221.01,372.58,2.9536
23/01/2018,26210.81,2230.05,373.85,2.9771
24/01/2018,26252.12,2232.3,368.24,2.9479
25/01/2018,26392.79,2234.38,365.68,2.9248
26/01/2018,26616.71,2248.93,366.5,2.9315
29/01/2018,26439.48,2234.22,371.95,2.9596
30/01/2018,26076.89,2214.11,373.01,2.9508
31/01/2018,26149.39,2213.24,371.28,2.9472
01/02/2018,26186.71,2212.53,369.15,2.9472
02/02/2018,25520.96,2171.54,365.97,2.9585
05/02/2018,24345.75,2103.64,362.36,2.9329
06/02/2018,24912.77,2098.85,353.48,2.8574
07/02/2018,24893.35,2101.07,356.83,2.8881
08/02/2018,23860.46,2045.01,352.37,2.8714
09/02/2018,24190.9,2050.9,345.93,2.8463
12/02/2018,24601.27,2075.91,350.84,2.8578
13/02/2018,24640.45,2080.68,353.1,2.8779
14/02/2018,24893.49,2105.86,354.86,2.8934
15/02/2018,25200.37,2130.94,354.64,2.8875
16/02/2018,25219.38,2137.91,358.92,2.9259
19/02/2018,25219.38,2135.94,359.13,2.9423
20/02/2018,24964.75,2126.22,357.72,2.9357
21/02/2018,24797.78,2118.36,358.19,2.9387
22/02/2018,24962.48,2117.17,358.77,2.939
23/02/2018,25309.99,2140.91,357.11,2.9322
26/02/2018,25709.27,2159.67,361.45,2.958
27/02/2018,25410.03,2140.57,364.3,2.9938
28/02/2018,25029.2,2117.99,363.55,2.9765
01/03/2018,24608.98,2089.98,360.93,2.9765
02/03/2018,24538.06,2089.84,355.36,2.9765
05/03/2018,24874.76,2106.58,356.59,2.9358
06/03/2018,24884.12,2117.77,360.02,2.9593
07/03/2018,24801.36,2115.98,359.87,2.9701
08/03/2018,24895.21,2125.28,362.15,2.973
09/03/2018,25335.74,2149.32,365.78,2.99
12/03/2018,25178.61,2154.26,369.72,3.0057
13/03/2018,25007.03,2144.6,368.74,2.995
14/03/2018,24758.12,2134.51,364.97,2.9764
15/03/2018,24873.66,2133.35,365.03,2.9913
16/03/2018,24946.51,2134.05,364.37,2.9819
19/03/2018,24610.91,2110.4,361.88,2.9819
20/03/2018,24727.27,2110.91,358.82,2.9373
21/03/2018,24682.31,2109.18,357.77,2.9298
22/03/2018,23957.89,2072.94,353.5,2.9176
23/03/2018,23533.2,2036.55,347.65,2.89
26/03/2018,24202.6,2069.13,341.3,2.8676
27/03/2018,23857.71,2055.55,349.02,2.9174
28/03/2018,23848.42,2047.75,344.52,2.9079
29/03/2018,24103.11,2065.53,347.27,2.9362
30/03/2018,24103.11,2066.84,347.27,2.9362
02/04/2018,23644.19,2038.54,347.27,2.9362
03/04/2018,24033.36,2048.8,345.52,2.9322
04/04/2018,24264.3,2061.31,346.58,2.9257
05/04/2018,24505.22,2080.69,350.62,2.9633
06/04/2018,23932.76,2052.78,353.9,2.9866
09/04/2018,23979.1,2061.19,347.9,2.9694
10/04/2018,24408,2090.11,349.39,2.9601
11/04/2018,24189.45,2082.57,352.78,2.952
12/04/2018,24483.05,2090.89,351.27,2.949
13/04/2018,24360.14,2088.98,349.11,2.931
16/04/2018,24573.04,2099.82,348.85,2.9318
17/04/2018,24786.63,2116.43,349.9,2.9338
18/04/2018,24748.07,2123.77,356.55,2.9634
19/04/2018,24664.89,2115.93,356.25,2.949
20/04/2018,24462.94,2099.74,353.88,2.9754
23/04/2018,24448.69,2097.22,353.46,2.966
24/04/2018,24024.13,2081.52,354.23,2.9775
25/04/2018,24083.83,2076.74,347.58,2.9564
26/04/2018,24322.34,2092.44,347.82,2.9626
27/04/2018,24311.19,2096.05,357.74,3.0221
30/04/2018,24163.15,2086.51,359.67,3.0347
01/05/2018,24099.05,2083.77,358.59,3.0267
02/05/2018,23924.98,2076.69,360.77,3.0285
03/05/2018,23930.15,2071.37,358.33,3.0186
04/05/2018,24262.51,2089.44,360.07,3.0439
07/05/2018,24357.32,2096.86,360.07,3.0439
08/05/2018,24360.21,2095.07,365.59,3.0962
09/05/2018,24542.54,2109.84,364.79,3.0831
10/05/2018,24739.53,2123.53,367.66,3.0923
11/05/2018,24831.17,2131.96,370.73,3.1129
14/05/2018,24899.41,2136.09,371.53,3.1399
15/05/2018,24706.41,2119.98,371.69,3.1377
16/05/2018,24768.93,2122.97,370.7,3.1347
17/05/2018,24713.98,2125.56,371.06,3.1385
18/05/2018,24715.09,2120.8,371.55,3.166
21/05/2018,25013.29,2130.72,375.73,3.1889
22/05/2018,24834.41,2128.78,376.58,3.207
23/05/2018,24886.81,2122.89,377.11,3.2201
24/05/2018,24811.76,2117.73,379.69,3.2223
25/05/2018,24753.09,2110.8,381.08,3.2478
28/05/2018,24753.09,2107.14,381.08,3.2478
29/05/2018,24361.45,2083.27,380.87,3.2493
30/05/2018,24667.78,2100.42,379.04,3.2386
31/05/2018,24415.84,2092.92,381.73,3.2637
01/06/2018,24635.21,2109.19,381.44,3.2387
04/06/2018,24813.69,2121.86,383.24,3.2387
05/06/2018,24799.98,2119.36,385.82,3.2669
06/06/2018,25146.39,2136.74,385.49,3.2477
07/06/2018,25241.41,2137.57,386.08,3.2599
08/06/2018,25316.53,2137.74,384.58,3.2598
11/06/2018,25322.31,2144.2,389.34,3.2889
12/06/2018,25320.73,2145.36,387.78,3.2898
13/06/2018,25201.2,2140.2,390.98,3.3092
14/06/2018,25175.31,2142.02,388.47,3.2534
15/06/2018,25090.48,2134.15,393.19,3.3027
18/06/2018,24987.47,2125.79,392.82,3.2988
19/06/2018,24700.21,2111.44,393.37,3.2863
20/06/2018,24657.8,2117.76,393.56,3.3037
21/06/2018,24461.7,2105.93,393.54,3.3097
22/06/2018,24580.89,2114.9,390.12,3.287
25/06/2018,24252.8,2085.59,391.47,3.2881
26/06/2018,24283.11,2088.41,385.97,3.2681
27/06/2018,24117.59,2076.3,387.72,3.2678
28/06/2018,24216.05,2079.62,387.46,3.2912
29/06/2018,24271.41,2089.3,389.92,3.3168
02/07/2018,24307.18,2082.08,387.99,3.2576
03/07/2018,24174.82,2082.05,389.77,3.2789
04/07/2018,24174.82,2082.17,387.88,3.2782
05/07/2018,24356.74,2096.19,387.43,3.2686
06/07/2018,24456.48,2113.74,390.91,3.2969
09/07/2018,24776.59,2131.14,391.67,3.3001
10/07/2018,24919.66,2135.87,396.13,3.3164
11/07/2018,24700.45,2117.3,397.45,3.3174
12/07/2018,24924.89,2130.86,398.42,3.3352
13/07/2018,25019.41,2134.6,404.25,3.3796
16/07/2018,25064.36,2132.79,400.66,3.3561
17/07/2018,25119.89,2138.15,401.39,3.3762
18/07/2018,25199.29,2142.24,411.45,3.4404
19/07/2018,25064.5,2134.84,411.65,3.4447
20/07/2018,25058.12,2139.17,410.03,3.4419
23/07/2018,25044.29,2139.44,409.3,3.4151
24/07/2018,25241.94,2151.08,410.84,3.4201
25/07/2018,25414.1,2161.76,409.57,3.4079
26/07/2018,25527.07,2161.93,407.05,3.4153
27/07/2018,25451.06,2156.11,409.18,3.4511
30/07/2018,25306.83,2148.25,406.49,3.4077
31/07/2018,25415.19,2153.1,399.82,3.3565
01/08/2018,25333.82,2149.36,400.98,3.373
02/08/2018,25326.16,2147.58,399.99,3.3568
03/08/2018,25462.58,2155.39,405.78,3.3986
06/08/2018,25502.18,2157.34,408.89,3.3986
07/08/2018,25628.91,2166.85,409.01,3.429
08/08/2018,25583.75,2166.15,411.03,3.4374
09/08/2018,25509.23,2163.69,409.14,3.4331
10/08/2018,25313.14,2139.84,410.96,3.4418
13/08/2018,25187.7,2127.47,409.52,3.4137
14/08/2018,25299.92,2137.36,409.75,3.4298
15/08/2018,25162.41,2115.7,410.89,3.4181
16/08/2018,25558.73,2131.05,410.49,3.4057
17/08/2018,25669.32,2138.11,412.21,3.4258
20/08/2018,25758.69,2145.24,411.99,3.436
21/08/2018,25822.29,2151.79,411.59,3.433
22/08/2018,25733.6,2155.99,409.71,3.4294
23/08/2018,25656.98,2149.22,410,3.4337
24/08/2018,25790.35,2161.61,411.31,3.448
27/08/2018,26049.64,2179.95,411.31,3.448
28/08/2018,26064.02,2182.51,415.65,3.482
29/08/2018,26124.57,2190.75,415.8,3.4937
30/08/2018,25986.92,2181.56,413.93,3.4785
31/08/2018,25964.82,2175.5,412.17,3.4899
03/09/2018,25964.82,2173.42,415.1,3.5135
04/09/2018,25952.48,2162.83,415.47,3.5238
05/09/2018,25974.99,2152.77,412.76,3.5012
06/09/2018,25995.87,2144.03,405.55,3.4571
07/09/2018,25916.54,2137.6,403.62,3.4432
10/09/2018,25857.07,2142.64,405.74,3.4661
11/09/2018,25971.06,2147.67,405.49,3.4564
12/09/2018,25998.92,2152.7,407.87,3.463
13/09/2018,26145.99,2162.68,407.5,3.4467
14/09/2018,26154.67,2166.59,407.99,3.4443
17/09/2018,26062.12,2160.53,406.96,3.4407
18/09/2018,26246.96,2172.27,404.47,3.4437
19/09/2018,26405.76,2177.74,404.22,3.4404
20/09/2018,26656.98,2195.68,401.94,3.4371
21/09/2018,26743.5,2200.01,407.76,3.4593
24/09/2018,26562.05,2193.01,409.9,3.4723
25/09/2018,26492.21,2194.2,408.08,3.466
26/09/2018,26385.28,2189.31,407.97,3.4787
27/09/2018,26439.93,2188.71,409.01,3.4859
28/09/2018,26458.31,2184.01,412,3.5102
01/10/2018,26651.21,2188.18,412.66,3.5195
02/10/2018,26773.94,2183.62,414.11,3.5093
03/10/2018,26828.39,2183.63,413.06,3.4961
04/10/2018,26627.48,2165.43,408.7,3.4491
05/10/2018,26447.05,2151.42,400.59,3.402
08/10/2018,26486.78,2143.57,397.21,3.3795
09/10/2018,26430.57,2138.46,391.79,3.3391
10/10/2018,25598.74,2089.09,389.38,3.3086
11/10/2018,25052.83,2044.95,375.82,3.1944
12/10/2018,25339.99,2063.43,373.41,3.1889
15/10/2018,25250.55,2055.11,377.28,3.1977
16/10/2018,25798.42,2091.21,376.3,3.2039
17/10/2018,25706.68,2089.5,385.91,3.2589
18/10/2018,25379.45,2064.47,387.43,3.2586
19/10/2018,25444.34,2062.34,385.59,3.2636
22/10/2018,25317.41,2053.44,388.82,3.3002
23/10/2018,25191.43,2033.89,387.15,3.2739
24/10/2018,24583.42,1988.62,387.76,3.2808
25/10/2018,24984.55,2006.27,380.5,3.2313
26/10/2018,24688.31,1981.89,387.97,3.2462
29/10/2018,24442.92,1975.7,383.89,3.2462
30/10/2018,24874.64,1997.19,383.07,3.2102
31/10/2018,25115.76,2021.98,387.4,3.2519
01/11/2018,25380.74,2040.93,388.6,3.2554
02/11/2018,25270.83,2036.7,388.75,3.2624
05/11/2018,25461.7,2040.68,387.54,3.2444
06/11/2018,25635.01,2050.65,386.36,3.2563
07/11/2018,26180.3,2084.45,386.11,3.2645
08/11/2018,26191.22,2082.47,392.65,3.3057
09/11/2018,25989.3,2063.16,395.39,3.2958
12/11/2018,25387.18,2028.62,396.66,3.3183
13/11/2018,25286.49,2026.52,389.38,3.2756
14/11/2018,25080.5,2015.14,388.96,3.2754
15/11/2018,25289.27,2026.3,391.94,3.3155
16/11/2018,25413.22,2031.76,395.98,3.3132
19/11/2018,25017.44,2009.61,398.14,3.3338
20/11/2018,24465.64,1976.91,389.66,3.2684
21/11/2018,24464.69,1984.73,385.42,3.2382
22/11/2018,24464.69,1984.03,384.12,3.263
23/11/2018,24285.95,1975.09,384.88,3.2694
26/11/2018,24640.24,1999.2,385.51,3.2764
27/11/2018,24748.73,2000.07,392.53,3.3205
28/11/2018,25366.43,2029.78,391.65,3.3151
29/11/2018,25338.84,2034.88,401.12,3.3706
30/11/2018,25538.46,2041.36,400.16,3.3707
03/12/2018,25826.43,2066.62,403.95,3.41
04/12/2018,25027.07,2016.89,403.83,3.3866
05/12/2018,25027.07,2008.63,395.6,3.3405
06/12/2018,24947.67,1990.85,393.14,3.3075
07/12/2018,24388.95,1965.24,395.29,3.347
10/12/2018,24423.26,1952.83,391.43,3.3312
11/12/2018,24370.24,1954.65,396.38,3.343
12/12/2018,24527.27,1975.88,399.91,3.3887
13/12/2018,24597.38,1974.41,398.43,3.3631
14/12/2018,24100.51,1942.55,400.91,3.3767
17/12/2018,23592.98,1914.33,390.34,3.3321
18/12/2018,23675.64,1908.16,382.65,3.2745
19/12/2018,23323.66,1892.71,383.33,3.2851
20/12/2018,22859.6,1862.82,378.28,3.2772
21/12/2018,22445.37,1834.97,372.84,3.2381
24/12/2018,21792.2,1802.95,367.17,3.1958
25/12/2018,21792.2,1795.28,367.17,3.1958
26/12/2018,22878.45,1850.7,367.17,3.1958
27/12/2018,23138.82,1862.38,372.05,3.1958
28/12/2018,23062.4,1870.8,374.88,3.2418
31/12/2018,23327.46,1883.9,372.66,3.2331
01/01/2019,23327.46,1883.93,372.66,3.2331
02/01/2019,23346.24,1881.15,377.76,3.2597
03/01/2019,22686.22,1853.18,376.54,3.274
